,section,sample,formation,section_m,strat_m,d13C,d18O,age
0,F833,F833-1.0,PF1a,1.0,1.0,1.58,-5.67,828
1,F833,F833-2.6,PF1a,2.6,2.6,2.11,-4.82,827.9511111111111
2,F833,F833-3.2,PF1a,3.2,3.2,-0.13,-6.42,827.9327777777778
3,F833,F833-4.0,PF1a,4.0,4.0,-0.48,-6.07,827.9083333333333
4,F833,F833-5.0,PF1a,5.0,5.0,0.08,-6.35,827.8777777777777
5,F833,F833-9.0,PF1a,9.0,9.0,1.18,-5.86,827.7555555555555
6,F833,F833-11.4,PF1a,11.4,11.4,0.81,-6.63,827.6822222222221
7,F833,F833-12.0,PF1a,12.0,12.0,1.39,-6.42,827.6638888888888
8,F833,F833-13.0,PF1a,13.0,13.0,1.48,-6.27,827.6333333333332
9,F833,F833-14.0,PF1a,14.0,14.0,0.6,-5.77,827.6027777777776
10,F833,F833-15.0,PF1a,15.0,15.0,1.64,-6.2,827.5722222222221
11,F833,F833-16.0,PF1a,16.0,16.0,1.73,-6.25,827.5416666666665
12,F833,F833-17.0,PF1a,17.0,17.0,1.42,-5.79,827.511111111111
13,F833,F833-18.0,PF1a,18.0,18.0,1.25,-6.99,827.4805555555554
14,F833,F833-19.0,PF1a,19.0,19.0,1.15,-8.14,827.4499999999998
15,F833,F833-20.0,PF1a,20.0,20.0,1.21,-7.36,827.4194444444443
16,F833,F833-21.1,PF1a,21.1,21.1,1.19,-6.34,827.3858333333332
17,F833,F833-22.0,PF1a,22.0,22.0,0.97,-6.02,827.3583333333331
18,F833,F833-23.0,PF1a,23.0,23.0,0.77,-6.25,827.3277777777776
19,F833,F833-25.0,PF1a,25.0,25.0,1.26,-6.3,827.2666666666664
20,F833,F833-27.0,PF1a,27.0,27.0,1.34,-6.03,827.2055555555553
21,F833,F833-28.0,PF1a,28.0,28.0,1.03,-7.72,827.1749999999997
22,F833,F833-29.0,PF1a,29.0,29.0,1.44,-6.68,827.1444444444442
23,F833,F833-30.0,PF1a,30.0,30.0,1.07,-7.06,827.1138888888886
24,F833,F833-31.0,PF1a,31.0,31.0,0.95,-6.51,827.083333333333
25,F833,F833-33.0,PF1a,33.0,33.0,0.27,-6.79,827.0222222222219
26,F833,F833-34.0,PF1a,34.0,34.0,0.12,-5.93,826.9916666666663
27,F833,F833-35.0,PF1a,35.0,35.0,1.71,-5.62,826.9611111111108
28,F833,F833-36.3,PF1a,36.3,36.3,0.34,-7.45,826.9213888888886
29,F833,F833-37.0,PF1a,37.0,37.0,1.44,-6.07,826.8999999999997
30,F833,F833-38.0,PF1a,38.0,38.0,0.73,-6.73,826.8694444444442
31,F833,F833-39.0,PF1a,39.0,39.0,-0.43,-7.35,826.8388888888886
32,F833,F833-40.0,PF1a,40.0,40.0,1.05,-6.58,826.808333333333
33,F833,F833-41.0,PF1a,41.0,41.0,-0.07,-6.56,826.7777777777775
34,F833,F833-44.0,PF1a,44.0,44.0,0.62,-6.86,826.6861111111108
35,F833,F833-45.0,PF1a,45.0,45.0,1.18,-6.36,826.6555555555552
36,F833,F833-46.0,PF1a,46.0,46.0,0.71,-5.86,826.6249999999997
37,F833,F833-47.0,PF1a,47.0,47.0,0.01,-6.11,826.5944444444441
38,F833,F833-49.0,PF1a,49.0,49.0,0.25,-6.71,826.533333333333
39,F833,F833-50.0,PF1a,50.0,50.0,0.39,-5.9,826.5027777777774
40,F833,F833-51.1,PF1a,51.1,51.1,-0.33,-6.13,826.4691666666663
41,F833,F833-52.0,PF1a,52.0,52.0,0.36,-6.58,826.4416666666663
42,F833,F833-53.0,PF1a,53.0,53.0,0.57,-6.57,826.4111111111107
43,F833,F833-54.0,PF1a,54.0,54.0,-0.8,-6.87,826.3805555555551
44,F833,F833-55.0,PF1a,55.0,55.0,0.63,-5.81,826.3499999999996
45,F833,F833-56.0,PF1a,56.0,56.0,-0.17,-5.74,826.319444444444
46,F833,F833-57.0,PF1a,57.0,57.0,-0.32,-6.16,826.2888888888884
47,F833,F833-58.0,PF1a,58.0,58.0,-0.71,-4.3,826.2583333333329
48,F833,F833-59.0,PF1a,59.0,59.0,-0.46,-5.32,826.2277777777773
49,F833,F833-60.0,PF1a,60.0,60.0,-0.37,-6.4,826.1972222222217
50,F833,F833-60.8,PF1a,60.8,60.8,-0.7,-6.01,826.1727777777772
51,F833,F833-69.6,PF1a,69.6,69.6,0.32,-6.61,825.9038888888883
52,F833,F833-70.5,PF1a,70.5,70.5,1.38,-6.65,825.8763888888883
53,F833,F833-71.5,PF1a,71.5,71.5,1.49,-6.06,825.8458333333327
54,F833,F833-88.2,PF1a,88.2,88.2,0.41,-5.97,825.335555555555
55,F833,F833-89.0,PF1a,89.0,89.0,1.48,-5.82,825.3111111111104
56,F833,F833-90.0,PF1a,90.0,90.0,1.37,-5.44,825.2805555555549
57,F833,F833-91.0,PF1a,91.0,91.0,0.88,-5.93,825.2499999999993
58,F833,F833-92.0,PF1a,92.0,92.0,1.16,-5.97,825.2194444444438
59,F833,F833-93.0,PF1a,93.0,93.0,1.23,-5.44,825.1888888888882
60,F833,F833-94.0,PF1a,94.0,94.0,1.25,-5.67,825.1583333333326
61,F833,F833-95.0,PF1a,95.0,95.0,1.37,-6.78,825.127777777777
62,F833,F833-96.0,PF1a,96.0,96.0,1.23,-5.67,825.0972222222215
63,F833,F833-98.0,PF1a,98.0,98.0,0.59,-6.2,825.0361111111104
64,F833,F833-106.6,PF1a,106.6,106.6,0.93,-5.81,824.7733333333326
65,F833,F833-107.5,PF1a,107.5,107.5,1.17,-6.75,824.7458333333326
66,F833,F833-115.0,PF1a,115.0,115.0,1.42,-6.81,824.516666666666
67,F833,F833-116.0,PF1a,116.0,116.0,1.22,-5.84,824.4861111111104
68,F833,F833-117.0,PF1a,117.0,117.0,0.62,-6.19,824.4555555555548
69,F833,F833-118.0,PF1a,118.0,118.0,0.91,-5.85,824.4249999999993
70,F833,F833-119.6,PF1a,119.6,119.6,1.15,-6.77,824.3761111111104
71,F833,F833-121.0,PF1a,121.0,121.0,0.99,-7.31,824.3333333333326
72,F833,F833-122.0,PF1a,122.0,122.0,1.46,-7.06,824.302777777777
73,F833,F833-123.0,PF1a,123.0,123.0,1.08,-7.1,824.2722222222214
74,F833,F833-124.0,PF1a,124.0,124.0,1.39,-6.58,824.2416666666659
75,F833,F833-125.0,PF1a,125.0,125.0,1.08,-7.4,824.2111111111103
76,F833,F833-126.0,PF1a,126.0,126.0,1.77,-5.92,824.1805555555547
77,F833,F833-127.0,PF1a,127.0,127.0,1.4,-5.88,824.1499999999992
78,F833,F833-128.0,PF1a,128.0,128.0,1.4,-6.46,824.1194444444436
79,F833,F833-129.0,PF1a,129.0,129.0,1.5,-6.23,824.088888888888
80,F833,F833-130.0,PF1a,130.0,130.0,1.39,-6.48,824.0583333333325
81,F833,F833-131.0,PF1a,131.0,131.0,1.42,-6.34,824.0277777777769
82,F833,F833-132.0,PF1a,132.0,132.0,1.32,-6.47,823.9972222222214
83,F833,F833-133.0,PF1a,133.0,133.0,1.0,-6.22,823.9666666666658
84,F833,F833-134.0,PF1a,134.0,134.0,1.46,-6.47,823.9361111111102
85,F833,F833-135.3,PF1a,135.3,135.3,1.4,-5.63,823.896388888888
86,F833,F833-136.0,PF1a,136.0,136.0,1.53,-5.68,823.8749999999992
87,F833,F833-138.0,PF1a,138.0,138.0,-0.02,-6.54,823.8138888888881
88,F833,F833-139.0,PF1a,139.0,139.0,0.26,-6.53,823.7833333333325
89,F833,F833-141.0,PF1a,141.0,141.0,1.97,-5.46,823.7222222222214
90,F833,F833-143.0,PF1a,143.0,143.0,3.31,-4.18,823.6611111111102
91,F833,F833-144.0,PF1a,144.0,144.0,1.28,-4.61,823.6305555555547
92,F833,F833-145.0,PF1a,145.0,145.0,2.36,-4.81,823.5999999999991
93,F833,F833-145.9,PF1a,145.9,145.9,1.18,-5.9,823.5724999999991
94,F833,F833-146.0,PF1a,146.0,146.0,1.21,-6.1,823.5694444444435
95,F833,F833-147.0,PF1a,147.0,147.0,1.67,-5.92,823.538888888888
96,F833,F833-148.0,PF1a,148.0,148.0,1.45,-5.83,823.5083333333324
97,F833,F833-150.0,PF1a,150.0,150.0,1.55,-5.87,823.4472222222213
98,F833,F833-151.0,PF1a,151.0,151.0,1.5,-6.11,823.4166666666657
99,F833,F833-151.8,PF1a,151.8,151.8,2.02,-5.19,823.3922222222212
100,F833,F833-153.0,PF1a,153.0,153.0,1.44,-6.06,823.3555555555546
101,F833,F833-154.0,PF1a,154.0,154.0,1.55,-6.02,823.324999999999
102,F833,F833-155.0,PF1a,155.0,155.0,1.8,-5.72,823.2944444444435
103,F833,F833-157.0,PF1a,157.0,157.0,1.64,-6.09,823.2333333333323
104,F833,F833-158.0,PF1a,158.0,158.0,1.53,-5.98,823.2027777777768
105,F833,F833-159.0,PF1a,159.0,159.0,1.75,-5.82,823.1722222222212
106,F833,F833-160.0,PF1a,160.0,160.0,1.87,-5.97,823.1416666666656
107,F833,F833-161.0,PF1a,161.0,161.0,1.96,-5.78,823.1111111111101
108,F833,F833-163.0,PF1a,163.0,163.0,1.75,-6.12,823.0499999999989
109,F833,F833-163.2,PF1a,163.2,163.2,1.73,-5.95,823.0438888888879
110,F833,F833-164.0,PF1a,164.0,164.0,1.17,-5.81,823.0194444444434
111,F833,F833-165.0,PF1a,165.0,165.0,1.47,-5.97,822.9888888888878
112,F833,F833-166.0,PF1a,166.0,166.0,2.28,-5.57,822.9583333333322
113,F833,F833-168.0,PF1a,168.0,168.0,0.69,-6.23,822.8972222222211
114,F833,F833-169.2,PF1a,169.2,169.2,1.55,-5.83,822.8605555555545
115,F833,F833-169.8,PF1a,169.8,169.8,1.15,-6.95,822.8422222222212
116,F833,F833-171.2,PF1a,171.2,171.2,1.72,-5.82,822.7994444444433
117,F833,F833-172.0,PF1a,172.0,172.0,1.84,-6.51,822.7749999999988
118,F833,F833-173.2,PF1a,173.2,173.2,1.75,-6.2,822.7383333333322
119,F833,F833-174.0,PF1a,174.0,174.0,1.74,-5.77,822.7138888888877
120,F833,F833-175.0,PF1a,175.0,175.0,1.58,-6.3,822.6833333333321
121,F833,F833-176.0,PF1a,176.0,176.0,1.98,-5.59,822.6527777777766
122,F833,F833-177.0,PF1a,177.0,177.0,2.01,-5.43,822.622222222221
123,F833,F833-178.0,PF1a,178.0,178.0,2.12,-5.77,822.5916666666654
124,F833,F833-179.0,PF1a,179.0,179.0,2.18,-6.34,822.5611111111099
125,F833,F833-180.0,PF1a,180.0,180.0,1.97,-6.11,822.5305555555543
126,F833,F833-181.0,PF1a,181.0,181.0,2.12,-6.42,822.4999999999987
127,F833,F833-182.0,PF1a,182.0,182.0,2.07,-6.24,822.4694444444432
128,F833,F833-183.0,PF1a,183.0,183.0,2.31,-5.82,822.4388888888876
129,F833,F833-184.0,PF1a,184.0,184.0,2.04,-6.03,822.408333333332
130,F833,F833-185.0,PF1a,185.0,185.0,2.47,-5.79,822.3777777777765
131,F833,F833-186.0,PF1a,186.0,186.0,3.81,-4.83,822.3472222222209
132,F833,F833-191.0,PF1a,191.0,191.0,6.16,-7.53,822.1944444444431
133,F833,F833-200.0,PF1a,200.0,200.0,5.49,-7.45,821.9194444444431
134,F833,F833-202.0,PF1a,202.0,202.0,4.18,-7.62,821.858333333332
135,F833,F833-203.0,PF1a,203.0,203.0,2.94,-5.18,821.8277777777764
136,F833,F833-204.0,PF1a,204.0,204.0,4.66,-5.57,821.7972222222209
137,F833,F833-205.0,PF1a,205.0,205.0,4.79,-7.5,821.7666666666653
138,F833,F833-206.0,PF1a,206.0,206.0,4.21,-6.19,821.7361111111097
139,F833,F833-207.0,PF1a,207.0,207.0,4.16,-6.01,821.7055555555542
140,F833,F833-208.0,PF1a,208.0,208.0,4.16,-5.62,821.6749999999986
141,F833,F833-209.0,PF1a,209.0,209.0,4.89,-5.86,821.644444444443
142,F833,F833-210.0,PF1a,210.0,210.0,4.07,-6.19,821.6138888888875
143,F833,F833-211.0,PF1a,211.0,211.0,5.3,-5.76,821.5833333333319
144,F833,F833-212.0,PF1a,212.0,212.0,3.55,-5.99,821.5527777777763
145,F833,F833-215.2,PF1a,215.2,215.2,2.73,-6.55,821.4549999999986
146,F833,F833-235.5,PF1a,235.5,235.5,2.85,-5.64,820.8347222222208
147,F833,F833-236.0,PF1a,236.0,236.0,3.06,-5.6,820.819444444443
148,F833,F833-237.0,PF1a,237.0,237.0,3.18,-5.91,820.7888888888874
149,F833,F833-238.5,PF1a,238.5,238.5,3.58,-5.7,820.7430555555541
150,F833,F833-239.0,PF1a,239.0,239.0,4.01,-5.41,820.7277777777763
151,F833,F833-240.0,PF1a,240.0,240.0,3.31,-5.45,820.6972222222207
152,F833,F833-241.0,PF1a,241.0,241.0,2.89,-5.48,820.6666666666652
153,F833,F833-242.0,PF1a,242.0,242.0,3.07,-5.32,820.6361111111096
154,F833,F833-243.0,PF1a,243.0,243.0,3.11,-5.56,820.605555555554
155,F833,F833-244.0,PF1a,244.0,244.0,2.93,-5.82,820.5749999999985
156,F833,F833-247.0,PF1a,247.0,247.0,4.35,-6.0,820.4833333333318
157,F833,F833-248.0,PF1a,248.0,248.0,3.53,-1.69,820.4527777777762
158,F833,F833-250.0,PF1a,250.0,250.0,3.66,-5.41,820.3916666666651
159,F833,F833-251.0,PF1a,251.0,251.0,2.79,-5.52,820.3611111111095
160,F833,F833-255.0,PF1a,255.0,255.0,3.46,-6.06,820.2388888888872
161,F833,F833-256.0,PF1a,256.0,256.0,3.02,-5.31,820.2083333333317
162,F833,F833-257.0,PF1a,257.0,257.0,3.15,-5.94,820.1777777777761
163,F833,F833-313.0,PF1a,313.0,313.0,6.05,-4.79,818.466666666665
164,F833,F833-314.0,PF1a,314.0,314.0,5.16,-5.02,818.4361111111094
165,F833,F833-323.5,PF1a,323.5,323.5,6.34,-4.52,818.1458333333317
166,F833,F833-324.5,PF1a,324.5,324.5,4.97,-4.75,818.1152777777761
167,F833,F833-325.3,PF1a,325.3,325.3,4.23,-4.87,818.0908333333316
168,F833,F833-353.0,PF1a,353.0,353.0,4.21,-4.73,817.2444444444427
169,F833,F833-355.0,PF1a,355.0,355.0,5.73,-4.24,817.1833333333316
170,F833,F833-356.0,PF1a,356.0,356.0,5.54,-4.8,817.152777777776
171,F833,F833-357.0,PF1a,357.0,357.0,6.1,-3.74,817.1222222222204
172,F833,F833-358.0,PF1a,358.0,358.0,4.89,-5.41,817.0916666666649
173,F833,F833-359.0,PF1a,359.0,359.0,4.7,-5.34,817.0611111111093
174,F833,F833-361.0,PF1a,361.0,361.0,5.86,-4.44,816.9999999999982
175,F833,F833-362.0,PF1a,362.0,362.0,5.41,-4.05,816.9694444444426
176,F833,F833-363.0,PF1a,363.0,363.0,5.24,-3.92,816.938888888887
177,F833,F833-364.0,PF1a,364.0,364.0,5.22,-5.43,816.9083333333315
178,F833,F833-366.0,PF1a,366.0,366.0,4.6,-5.5,816.8472222222204
179,F833,F833-367.0,PF1a,367.0,367.0,5.54,-4.84,816.8166666666648
180,F833,F833-368.0,PF1a,368.0,368.0,5.87,-3.47,816.7861111111092
181,F833,F833-369.0,PF1a,369.0,369.0,5.34,-5.54,816.7555555555537
182,F833,F833-370.0,PF1a,370.0,370.0,6.3,-5.99,816.7249999999981
183,F833,F833-371.0,PF1a,371.0,371.0,5.62,-3.89,816.6944444444425
184,F833,F833-374.0,PF1a,374.0,374.0,5.96,-3.62,816.6027777777758
185,F833,F833-375.0,PF1a,375.0,375.0,5.62,-4.51,816.5722222222203
186,F833,F833-376.0,PF1a,376.0,376.0,5.79,-5.22,816.5416666666647
187,F833,F833-377.0,PF1a,377.0,377.0,5.66,-5.66,816.5111111111091
188,F833,F833-378.0,PF1a,378.0,378.0,6.15,-4.98,816.4805555555536
189,F833,F833-380.0,PF1a,380.0,380.0,6.44,-4.62,816.4194444444424
190,F833,F833-381.0,PF1a,381.0,381.0,6.05,-5.14,816.3888888888869
191,F833,F833-382.0,PF1a,382.0,382.0,5.92,-4.57,816.3583333333313
192,F833,F833-383.0,PF1a,383.0,383.0,6.0,-5.33,816.3277777777757
193,F833,F833-384.0,PF1a,384.0,384.0,5.68,-6.15,816.2972222222202
194,F833,F833-385.0,PF1a,385.0,385.0,5.76,-6.07,816.2666666666646
195,F833,F833-386.0,PF1a,386.0,386.0,5.67,-6.02,816.236111111109
196,F833,F833-387.0,PF1a,387.0,387.0,5.96,-4.89,816.2055555555535
197,F833,F833-388.0,PF1a,388.0,388.0,6.49,-5.12,816.1749999999979
198,F833,F833-389.0,PF1a,389.0,389.0,7.12,-3.08,816.1444444444423
199,F833,F833-390.5,PF1a,390.5,390.5,5.91,-5.22,816.098611111109
200,F833,F833-391.5,PF1a,391.5,391.5,7.52,-5.21,816.0680555555534
201,F833,F833-392.5,PF1a,392.5,392.5,6.39,-5.32,816.0374999999979
202,F833,F833-393.0,PF1a,393.0,393.0,7.54,-5.24,816.0222222222201
203,F833,F833-394.0,PF1a,394.0,394.0,5.96,-5.27,815.9916666666645
204,F833,F833-395.0,PF1a,395.0,395.0,6.64,-5.36,815.961111111109
205,F833,F833-396.0,PF1a,396.0,396.0,6.08,-5.51,815.9305555555534
206,F833,F833-397.0,PF1a,397.0,397.0,6.6,-5.63,815.8999999999978
207,F833,F833-398.0,PF1a,398.0,398.0,6.32,-6.09,815.8694444444423
208,F833,F833-399.0,PF1a,399.0,399.0,6.39,-5.45,815.8388888888867
209,F833,F833-400.0,PF1a,400.0,400.0,6.28,-5.71,815.8083333333311
210,F833,F833-401.0,PF1a,401.0,401.0,6.8,-5.75,815.7777777777756
211,F833,F833-402.0,PF1a,402.0,402.0,6.57,-5.42,815.74722222222
212,F833,F833-403.0,PF1a,403.0,403.0,6.23,-5.67,815.7166666666644
213,F833,F833-404.0,PF1a,404.0,404.0,6.99,-4.88,815.6861111111089
214,F833,F833-405.0,PF1a,405.0,405.0,6.88,-2.9,815.6555555555533
215,F833,F833-406.0,PF1a,406.0,406.0,6.49,-5.56,815.6249999999977
216,F833,F833-407.0,PF1a,407.0,407.0,6.98,-4.56,815.5944444444422
217,F833,F833-408.0,PF1a,408.0,408.0,6.93,-7.42,815.5638888888866
218,F833,F833-409.0,PF1a,409.0,409.0,5.12,-5.32,815.533333333331
219,F834,F834-0.0,PF1a,0.0,394.0,5.76,-5.97,815.9916666666644
220,F834,F834-1.0,PF1a,1.0,395.0,6.12,-3.14,815.9611111111088
221,F834,F834-2.0,PF1a,2.0,396.0,6.39,-5.84,815.9305555555533
222,F834,F834-3.0,PF1a,3.0,397.0,6.13,-5.99,815.8999999999977
223,F834,F834-4.0,PF1a,4.0,398.0,6.35,-5.92,815.8694444444421
224,F834,F834-6.0,PF1a,6.0,400.0,6.71,-6.25,815.808333333331
225,F834,F834-7.0,PF1a,7.0,401.0,6.06,-6.44,815.7777777777754
226,F834,F834-8.0,PF1a,8.0,402.0,6.11,-6.76,815.7472222222199
227,F834,F834-9.0,PF1a,9.0,403.0,6.16,-6.02,815.7166666666643
228,F834,F834-10.0,PF1a,10.0,404.0,6.12,-6.14,815.6861111111087
229,F834,F834-11.0,PF1a,11.0,405.0,6.69,-5.55,815.6555555555532
230,F834,F834-12.0,PF1a,12.0,406.0,6.38,-5.68,815.6249999999976
231,F834,F834-13.0,PF1a,13.0,407.0,6.69,-6.01,815.594444444442
232,F834,F834-14.0,PF1a,14.0,408.0,6.89,-3.32,815.5638888888865
233,F834,F834-15.0,PF1a,15.0,409.0,5.13,-4.95,815.5333333333309
234,F834,F834-16.0,PF1a,16.0,410.0,6.39,-4.55,815.5027777777753
235,F834,F834-17.0,PF1a,17.0,411.0,4.96,-4.66,815.4722222222198
236,F834,F834-18.0,PF1a,18.0,412.0,4.07,-5.06,815.4416666666642
237,F834,F834-19.0,PF1a,19.0,413.0,6.95,-4.7,815.4111111111087
238,F834,F834-20.0,PF1a,20.0,414.0,6.33,-4.35,815.3805555555531
239,F834,F834-21.0,PF1a,21.0,415.0,5.67,-3.82,815.3499999999975
240,F834,F834-22.0,PF1a,22.0,416.0,6.87,-2.41,815.319444444442
241,F834,F834-23.0,PF1a,23.0,417.0,7.72,-3.65,815.2888888888864
242,F834,F834-24.0,PF1a,24.0,418.0,7.3,-2.89,815.2583333333308
243,F834,F834-25.0,PF1a,25.0,419.0,9.23,-4.0,815.2277777777753
244,F834,F834-26.0,PF1a,26.0,420.0,8.07,-5.42,815.1972222222197
245,F834,F834-27.0,PF1a,27.0,421.0,8.49,-5.25,815.1666666666641
246,F834,F834-28.0,PF1a,28.0,422.0,6.89,-5.57,815.1361111111086
247,F834,F834-29.0,PF1a,29.0,423.0,7.49,-5.67,815.105555555553
248,F834,F834-30.0,PF1a,30.0,424.0,7.78,-5.85,815.0749999999974
249,F834,F834-31.0,PF1a,31.0,425.0,7.65,-6.5,815.0444444444419
250,F834,F834-32.5,PF1a,32.5,426.5,7.39,-5.53,814.9986111111085
251,F834,F834-33.0,PF1a,33.0,427.0,8.12,-3.81,814.9833333333307
252,F834,F834-34.0,PF1a,34.0,428.0,9.02,-4.15,814.9527777777752
253,F834,F834-35.0,PF1a,35.0,429.0,8.68,-3.29,814.9222222222196
254,F834,F834-36.0,PF1a,36.0,430.0,7.5,-6.1,814.891666666664
255,F834,F834-37.0,PF1a,37.0,431.0,7.74,-5.45,814.8611111111085
256,F834,F834-44.0,PF1a,44.0,438.0,8.3,-6.81,814.6472222222196
257,F834,F834-45.0,PF1a,45.0,439.0,9.19,-5.99,814.6166666666641
258,F834,F834-46.0,PF1a,46.0,440.0,8.75,-5.88,814.5861111111085
259,F834,F834-49.0,PF1a,49.0,443.0,6.64,-6.93,814.4944444444418
260,F834,F834-50.0,PF1a,50.0,444.0,7.84,-7.26,814.4638888888862
261,F834,F834-51.0,PF1a,51.0,445.0,6.62,-7.27,814.4333333333307
262,F834,F834-52.0,PF1a,52.0,446.0,6.58,-7.32,814.4027777777751
263,F834,F834-53.0,PF1a,53.0,447.0,7.05,-6.89,814.3722222222195
264,F834,F834-54.0,PF1a,54.0,448.0,6.84,-6.62,814.341666666664
265,F834,F834-55.0,PF1a,55.0,449.0,6.33,-6.95,814.3111111111084
266,F834,F834-56.0,PF1a,56.0,450.0,6.72,-7.05,814.2805555555528
267,F834,F834-57.0,PF1a,57.0,451.0,6.9,-7.1,814.2499999999973
268,F834,F834-58.0,PF1a,58.0,452.0,6.72,-6.55,814.2194444444417
269,F834,F834-59.0,PF1a,59.0,453.0,6.73,-6.37,814.1888888888861
270,F834,F834-60.0,PF1a,60.0,454.0,6.05,-8.08,814.1583333333306
271,F834,F834-61.0,PF1a,61.0,455.0,7.23,-7.03,814.127777777775
272,F834,F834-62.0,PF1a,62.0,456.0,6.32,-7.48,814.0972222222194
273,F834,F834-65.0,PF1a,65.0,459.0,6.86,-6.87,814.0055555555527
274,F834,F834-66.0,PF1a,66.0,460.0,6.62,-7.34,813.9749999999972
275,F834,F834-67.0,PF1a,67.0,461.0,6.55,-7.48,813.9444444444416
276,F834,F834-68.0,PF1a,68.0,462.0,6.56,-7.54,813.913888888886
277,F834,F834-69.0,PF1a,69.0,463.0,6.81,-7.24,813.8833333333305
278,F834,F834-70.0,PF1a,70.0,464.0,6.56,-6.72,813.8527777777749
279,F834,F834-73.0,PF1a,73.0,467.0,6.89,-6.53,813.7611111111082
280,F834,F834-74.0,PF1a,74.0,468.0,5.6,-5.55,813.7305555555527
281,F834,F834-75.0,PF1a,75.0,469.0,6.77,-4.44,813.6999999999971
282,F834,F834-76.0,PF1a,76.0,470.0,7.34,-6.21,813.6694444444415
283,F834,F834-77.0,PF1a,77.0,471.0,6.72,-5.84,813.638888888886
284,F834,F834-78.0,PF1a,78.0,472.0,7.56,-4.21,813.6083333333304
285,F834,F834-79.0,PF1a,79.0,473.0,7.45,-2.86,813.5777777777748
286,F834,F834-80.0,PF1a,80.0,474.0,7.19,-6.77,813.5472222222193
287,F834,F834-81.0,PF1a,81.0,475.0,7.66,-3.57,813.5166666666637
288,F834,F834-82.0,PF1a,82.0,476.0,7.31,-10.78,813.4861111111081
289,F834,F834-83.0,PF1a,83.0,477.0,6.46,-6.43,813.4555555555526
290,F834,F834-84.0,PF1a,84.0,478.0,6.98,-6.52,813.424999999997
291,F834,F834-86.0,PF1a,86.0,480.0,9.07,-7.49,813.3638888888859
292,F834,F834-87.0,PF1a,87.0,481.0,8.93,-6.26,813.3333333333303
293,F834,F834-88.0,PF1a,88.0,482.0,9.15,-4.85,813.3027777777747
294,F834,F834-89.0,PF1a,89.0,483.0,9.49,-6.29,813.2722222222192
295,F834,F834-90.0,PF1a,90.0,484.0,9.01,-6.89,813.2416666666636
296,F834,F834-91.0,PF1a,91.0,485.0,9.51,-6.34,813.211111111108
297,F834,F834-93.0,PF1a,93.0,487.0,7.02,-7.73,813.1499999999969
298,F834,F834-94.0,PF1a,94.0,488.0,6.63,-5.61,813.1194444444413
299,F834,F834-95.0,PF1a,95.0,489.0,5.86,-6.64,813.0888888888858
300,F834,F834-96.0,PF1a,96.0,490.0,6.83,-6.94,813.0583333333302
301,F834,F834-97.0,PF1a,97.0,491.0,6.57,-6.71,813.0277777777746
302,F834,F834-98.0,PF1a,98.0,492.0,6.49,-6.52,812.9972222222191
303,F834,F834-99.0,PF1a,99.0,493.0,9.08,-6.78,812.9666666666635
304,F834,F834-100.0,PF1a,100.0,494.0,9.39,-7.2,812.936111111108
305,F834,F834-102.0,PF1a,102.0,496.0,10.0,-7.35,812.8749999999968
306,F834,F834-104.0,PF1a,104.0,498.0,8.77,-7.63,812.8138888888857
307,F834,F834-105.0,PF1a,105.0,499.0,6.61,-7.57,812.7833333333301
308,F834,F834-116.0,PF1a,116.0,510.0,5.2,-3.79,812.447222222219
309,F834,F834-117.5,PF1a,117.5,511.5,4.97,-6.77,812.4013888888857
310,F834,F834-123.0,PF1a,123.0,517.0,6.7,-0.18,812.23333333333
311,F834,F834-124.0,PF1a,124.0,518.0,7.27,-0.02,812.2027777777745
312,F834,F834-125.0,PF1a,125.0,519.0,7.07,-0.67,812.1722222222189
313,F834,F834-126.0,PF1a,126.0,520.0,6.39,-2.57,812.1416666666634
314,F834,F834-127.0,PF1a,127.0,521.0,7.3,0.23,812.1111111111078
315,F834,F834-128.0,PF1a,128.0,522.0,7.25,-0.24,812.0805555555522
316,F834,F834-129.0,PF1a,129.0,523.0,6.99,0.41,812.0499999999967
317,F834,F834-130.0,PF1a,130.0,524.0,6.98,0.36,812.0194444444411
318,F834,F834-131.0,PF1a,131.0,525.0,7.33,0.85,811.9888888888855
319,F834,F834-131.9,PF1a,131.9,525.9,5.28,-1.76,811.9613888888855
320,F834,F834-133.0,PF1a,133.0,527.0,6.15,-2.57,811.9277777777744
321,F834,F834-134.0,PF1a,134.0,528.0,5.75,-6.27,811.8972222222188
322,F834,F834-135.0,PF1a,135.0,529.0,6.3,-1.94,811.8666666666633
323,F834,F834-137.0,PF1a,137.0,531.0,6.81,-2.35,811.8055555555521
324,F834,F834-139.0,PF1a,139.0,533.0,7.32,-0.27,811.744444444441
325,F834,F834-139.5,PF1a,139.5,533.5,6.59,-0.55,811.7291666666632
326,F834,F834-141.0,PF1a,141.0,535.0,6.84,-0.04,811.6833333333299
327,F834,F834-143.0,PF1a,143.0,537.0,7.34,-2.53,811.6222222222187
328,F834,F834-145.0,PF1a,145.0,539.0,6.83,-1.48,811.5611111111076
329,F834,F834-147.0,PF1a,147.0,541.0,6.46,0.5,811.5
330,F834,F834-171.0,PF1a,171.0,565.0,6.72,-5.1,810.484222389181
331,F834,F834-173.0,PF1a,173.0,567.0,5.09,-4.66,810.3995742549461
332,F834,F834-178.0,PF1a,178.0,572.0,5.97,-5.05,810.1879539193587
333,F834,F834-180.0,PF1a,180.0,574.0,4.59,-4.49,810.1033057851238
334,F834,F834-182.0,PF1a,182.0,576.0,4.78,-2.07,810.0186576508888
335,F834,F834-184.0,PF1a,184.0,578.0,4.09,-5.57,809.9340095166539
336,F834,F834-186.0,PF1a,186.0,580.0,4.32,-5.91,809.8493613824189
337,F834,F834-188.0,PF1a,188.0,582.0,4.4,-5.47,809.764713248184
338,F834,F834-190.0,PF1a,190.0,584.0,4.66,-5.46,809.680065113949
339,F834,F834-192.0,PF1a,192.0,586.0,4.29,-4.61,809.5954169797141
340,F834,F834-198.0,PF1a,198.0,592.0,4.14,-5.94,809.3414725770093
341,F834,F834-202.0,PF1a,202.0,596.0,4.17,-5.64,809.1721763085395
342,F834,F834-206.0,PF1a,206.0,600.0,3.92,-6.16,809.0028800400697
343,F834,F834-210.0,PF1a,210.0,604.0,5.93,-1.61,808.8335837715999
344,F834,F834-213.0,PF1a,213.0,607.0,5.49,-3.9,808.7066115702476
345,F834,F834-214.0,PF1a,214.0,608.0,5.01,-6.08,808.6642875031301
346,F834,F834-216.0,PF1a,216.0,610.0,5.39,-2.13,808.5796393688952
347,F834,F834-217.0,PF1a,217.0,611.0,5.32,-2.08,808.5373153017778
348,F834,F834-218.0,PF1a,218.0,612.0,3.84,-1.12,808.4949912346603
349,F834,F834-219.0,PF1a,219.0,613.0,4.05,-10.14,808.4526671675429
350,F834,F834-224.0,PF1a,224.0,618.0,4.18,-10.02,808.2410468319556
351,F834,F834-225.0,PF1a,225.0,619.0,2.15,-10.01,808.1987227648382
352,F834,F834-226.0,PF1a,226.0,620.0,2.8,-10.41,808.1563986977208
353,F834,F834-227.0,PF1a,227.0,621.0,1.62,-8.97,808.1140746306033
354,F834,F834-228.0,PF1a,228.0,622.0,1.43,-9.95,808.0717505634859
355,F834,F834-229.0,PF1a,229.0,623.0,0.88,-9.03,808.0294264963685
356,F834,F834-230.0,PF1a,230.0,624.0,1.53,-10.79,807.9871024292511
357,F835,F835-65.0,PF1a,65.0,689.0,0.12,-3.9,805.2360380666165
358,F835,F835-66.5,PF1a,66.5,690.5,1.91,-1.14,805.1725519659403
359,F835,F835-68.2,PF1a,68.2,692.2,-1.91,-2.98,805.1006010518406
360,F835,F835-69.4,PF1a,69.4,693.4,-1.96,-4.23,805.0498121712997
361,F835,F835-73.0,PF1a,73.0,697.0,-0.19,-4.75,804.8974455296768
362,F835,F835-74.0,PF1a,74.0,698.0,1.11,-2.83,804.8551214625594
363,F835,F835-75.0,PF1a,75.0,699.0,1.62,-3.66,804.812797395442
364,F835,F835-76.0,PF1a,76.0,700.0,1.21,-3.89,804.7704733283246
365,F835,F835-77.0,PF1a,77.0,701.0,1.42,-3.85,804.7281492612071
366,F835,F835-78.0,PF1a,78.0,702.0,1.19,-4.33,804.6858251940897
367,F835,F835-79.0,PF1a,79.0,703.0,1.7,-3.2,804.6435011269723
368,F835,F835-80.0,PF1a,80.0,704.0,1.98,-4.07,804.6011770598549
369,F835,F835-81.0,PF1a,81.0,705.0,1.4,-6.56,804.5588529927375
370,F835,F835-83.0,PF1a,83.0,707.0,1.42,-4.91,804.4742048585025
371,F835,F835-85.0,PF1a,85.0,709.0,1.37,-3.73,804.3895567242675
372,F835,F835-87.0,PF1a,87.0,711.0,2.36,-3.75,804.3049085900326
373,F835,F835-89.0,PF1a,89.0,713.0,1.22,-5.12,804.2202604557976
374,F835,F835-91.0,PF1a,91.0,715.0,1.19,-3.51,804.1356123215627
375,F835,F835-95.0,PF1a,95.0,719.0,1.17,-4.12,803.9663160530929
376,F835,F835-97.0,PF1a,97.0,721.0,1.71,-3.97,803.8816679188579
377,F835,F835-99.0,PF1a,99.0,723.0,1.7,-3.03,803.797019784623
378,F835,F835-101.0,PF1a,101.0,725.0,1.15,-4.11,803.712371650388
379,F835,F835-103.0,PF1a,103.0,727.0,1.09,-3.98,803.6277235161531
380,F835,F835-104.0,PF1a,104.0,728.0,0.4,-4.31,803.5853994490357
381,F835,F835-105.0,PF1a,105.0,729.0,-1.33,-5.18,803.5430753819182
382,F835,F835-106.0,PF1a,106.0,730.0,-2.02,-5.1,803.5007513148008
383,F835,F835-107.0,PF1a,107.0,731.0,-2.82,-5.45,803.4584272476834
384,F835,F835-111.0,PF1,111.0,735.0,-0.44,-2.35,803.2891309792136
385,F835,F835-112.0,PF1,112.0,736.0,-0.73,-2.99,803.2468069120962
386,F835,F835-113.0,PF1,113.0,737.0,-1.0,-2.8,803.2044828449788
387,F835,F835-115.0,PF1,115.0,739.0,-1.31,-2.47,803.1198347107438
388,F835,F835-117.0,PF1,117.0,741.0,-0.8,-2.61,803.0351865765089
389,F835,F835-119.0,PF1,119.0,743.0,0.42,-2.9,802.9505384422739
390,F835,F835-121.0,PF1,121.0,745.0,0.51,-3.1,802.865890308039
391,F835,F835-125.0,PF1,125.0,749.0,-0.11,-3.05,802.6965940395692
392,F835,F835-129.0,PF1,129.0,753.0,-0.04,-3.53,802.5272977710994
393,F835,F835-131.0,PF1,131.0,755.0,-0.04,-2.81,802.4426496368644
394,F835,F835-133.0,PF1,133.0,757.0,-0.28,-3.55,802.3580015026295
395,F835,F835-144.0,PF1,144.0,768.0,0.63,-2.4,801.8924367643375
396,F835,F835-146.0,PF1,146.0,770.0,0.5,-2.62,801.8077886301026
397,F835,F835-150.0,PF1,150.0,774.0,-0.21,-3.0,801.6384923616328
398,F835,F835-154.0,PF1,154.0,778.0,0.86,-2.78,801.469196093163
399,F835,F835-156.0,PF1,156.0,780.0,0.19,-3.46,801.384547958928
400,F835,F835-158.0,PF1,158.0,782.0,0.49,-3.3,801.2998998246931
401,F835,F835-162.0,PF1,162.0,786.0,0.47,-2.84,801.1306035562233
402,F835,F835-164.0,PF1,164.0,788.0,0.51,-3.08,801.0459554219883
403,F835,F835-165.0,PF1,165.0,789.0,0.13,-4.7,801.0036313548709
404,F835,F835-170.0,PF1,170.0,794.0,0.4,-4.21,800.7920110192836
405,F835,F835-174.0,PF1,174.0,798.0,-0.1,-4.03,800.6227147508138
406,F835,F835-176.0,PF1,176.0,800.0,0.53,-3.33,800.5380666165788
407,F835,F835-178.0,PF1,178.0,802.0,0.1,-3.14,800.4534184823439
408,F835,F835-180.0,PF1,180.0,804.0,0.69,-3.04,800.3687703481089
409,F835,F835-182.0,PF1,182.0,806.0,0.45,-3.08,800.284122213874
410,F835,F835-184.0,PF1,184.0,808.0,0.44,-4.85,800.199474079639
411,F835,F835-186.0,PF1,186.0,810.0,0.7,-3.65,800.114825945404
412,F835,F835-190.0,PF1,190.0,814.0,0.48,-3.97,799.9455296769343
413,F835,F835-194.0,PF1,194.0,818.0,0.64,-4.8,799.7762334084645
414,F835,F835-196.0,PF1,196.0,820.0,0.81,-4.18,799.6915852742295
415,F835,F835-200.0,PF1,200.0,824.0,-0.28,-3.28,799.5222890057597
416,F835,F835-202.0,PF1,202.0,826.0,0.46,-3.59,799.4376408715248
417,F835,F835-204.0,PF1,204.0,828.0,0.25,-5.0,799.3529927372898
418,F835,F835-206.0,PF1,206.0,830.0,-0.02,-4.83,799.2683446030549
419,F835,F835-210.0,PF1,210.0,834.0,0.14,-3.62,799.0990483345851
420,F835,F835-212.0,PF1,212.0,836.0,0.19,-5.13,799.0144002003501
421,F835,F835-214.0,PF1,214.0,838.0,0.33,-5.75,798.9297520661152
422,F835,F835-216.0,PF1,216.0,840.0,0.68,-4.32,798.8451039318802
423,F835,F835-218.0,PF1,218.0,842.0,0.37,-5.12,798.7604557976452
424,F835,F835-223.0,PF1,223.0,847.0,0.53,-4.55,798.5488354620579
425,F835,F835-230.0,PF1,230.0,854.0,0.61,-4.04,798.2525669922358
426,F835,F835-233.0,PF1,233.0,857.0,0.76,-3.83,798.1255947908834
427,F835,F835-239.0,PF1,239.0,863.0,0.05,-3.28,797.8716503881786
428,F835,F835-241.0,PF1,241.0,865.0,-0.48,-2.8,797.7870022539437
429,F835,F835-243.0,PF1,243.0,867.0,-0.42,-2.62,797.7023541197087
430,F835,F835-245.5,PF1,245.5,869.5,-0.08,-3.39,797.5965439519151
431,F835,F835-250.0,PF1,250.0,874.0,-0.27,-3.89,797.4060856498866
432,F835,F835-254.0,PF1,254.0,878.0,0.52,-5.59,797.2367893814168
433,F835,F835-256.0,PF1,256.0,880.0,0.19,-4.64,797.1521412471818
434,F835,F835-260.0,PF1,260.0,884.0,-0.28,-4.84,796.982844978712
435,F835,F835-262.1,PF1,262.1,886.1,-0.31,-8.26,796.8939644377654
436,F835,F835-264.0,PF1,264.0,888.0,0.32,-3.62,796.8135487102422
437,F835,F835-266.0,PF1,266.0,890.0,0.8,-3.02,796.7289005760073
438,F835,F835-268.0,PF1,268.0,892.0,-0.12,-3.7,796.6442524417723
439,F835,F835-270.0,PF1,270.0,894.0,-0.09,-5.33,796.5596043075374
440,F835,F835-272.0,PF1,272.0,896.0,0.65,-3.82,796.4749561733024
441,F835,F835-276.0,PF1,276.0,900.0,0.15,-7.06,796.3056599048326
442,F835,F835-278.0,PF1,278.0,902.0,-0.21,-3.13,796.2210117705977
443,F835,F835-280.0,PF1,280.0,904.0,0.63,-3.94,796.1363636363627
444,F835,F835-284.0,PF1,284.0,908.0,0.02,-4.74,795.9670673678929
445,F835,F835-286.0,PF1,286.0,910.0,0.24,-5.6,795.882419233658
446,F835,F835-288.0,PF1,288.0,912.0,0.11,-3.4,795.797771099423
447,F835,F835-292.0,PF1,292.0,916.0,0.14,-3.18,795.6284748309532
448,F835,F835-294.0,PF1,294.0,918.0,0.49,-4.57,795.5438266967183
449,F835,F835-296.0,PF1,296.0,920.0,0.71,-3.37,795.4591785624833
450,F835,F835-298.0,PF1,298.0,922.0,0.39,-3.96,795.3745304282484
451,F835,F835-300.0,PF1,300.0,924.0,1.53,-4.45,795.2898822940134
452,F835,F835-302.0,PF1,302.0,926.0,0.27,-3.91,795.2052341597785
453,F835,F835-304.0,PF1,304.0,928.0,0.8,-4.28,795.1205860255435
454,F835,F835-306.0,PF1,306.0,930.0,0.7,-3.31,795.0359378913085
455,F835,F835-308.0,PF1,308.0,932.0,1.14,-4.06,794.9512897570736
456,F835,F835-312.0,PF1,312.0,936.0,0.15,-4.47,794.7819934886038
457,F836,F836-0.3,PF1,0.3,940.3,3.27,-2.75,794.6
458,F836,F836-2.0,PF1,2.0,942.0,1.81,-2.16,794.4951091045899
459,F836,F836-4.0,PF1,4.0,944.0,1.81,-2.33,794.3717080511663
460,F836,F836-6.0,PF1,6.0,946.0,1.38,-2.91,794.2483069977426
461,F836,F836-8.0,PF1,8.0,948.0,2.04,-2.67,794.1249059443189
462,F836,F836-10.0,PF1,10.0,950.0,1.97,-3.1,794.0015048908953
463,F836,F836-12.0,PF1,12.0,952.0,1.61,-3.71,793.8781038374716
464,F836,F836-14.0,PF1,14.0,954.0,1.8,-2.62,793.7547027840479
465,F836,F836-16.0,PF1,16.0,956.0,0.96,-5.94,793.6313017306243
466,F836,F836-18.0,PF1,18.0,958.0,1.67,-2.93,793.5079006772006
467,F836,F836-20.0,PF1,20.0,960.0,2.84,-3.1,793.384499623777
468,F836,F836-22.0,PF1,22.0,962.0,1.82,-2.96,793.2610985703533
469,F836,F836-24.0,PF1,24.0,964.0,2.36,-2.83,793.1376975169296
470,F836,F836-26.0,PF1,26.0,966.0,2.64,-3.53,793.014296463506
471,F836,F836-28.0,PF1,28.0,968.0,2.78,-3.12,792.8908954100823
472,F836,F836-30.0,PF1,30.0,970.0,1.75,-3.04,792.7674943566586
473,F836,F836-32.0,PF1,32.0,972.0,1.83,-2.33,792.644093303235
474,F836,F836-34.0,PF1,34.0,974.0,2.35,-4.98,792.5206922498113
475,F836,F836-36.0,PF1,36.0,976.0,1.38,-1.72,792.3972911963876
476,F836,F836-38.0,PF1,38.0,978.0,3.29,-1.12,792.273890142964
477,F836,F836-40.0,PF1,40.0,980.0,1.98,-2.49,792.1504890895403
478,F836,F836-42.0,PF1,42.0,982.0,2.74,-1.6,792.0270880361167
479,F836,F836-44.0,PF1,44.0,984.0,3.2,-1.94,791.903686982693
480,F836,F836-46.0,PF1,46.0,986.0,1.6,-1.75,791.7802859292693
481,F836,F836-48.0,PF1,48.0,988.0,3.37,-2.49,791.6568848758457
482,F836,F836-50.0,PF1,50.0,990.0,2.92,-2.32,791.533483822422
483,F836,F836-52.0,PF1,52.0,992.0,2.24,-2.22,791.4100827689983
484,F836,F836-54.0,PF1,54.0,994.0,2.95,-1.38,791.2866817155747
485,F836,F836-56.0,PF1,56.0,996.0,2.18,-3.1,791.163280662151
486,F836,F836-58.0,PF1,58.0,998.0,2.33,-2.25,791.0398796087273
487,F836,F836-60.0,PF1,60.0,1000.0,1.54,-1.2,790.9164785553037
488,F836,F836-62.0,PF1,62.0,1002.0,4.58,-0.62,790.79307750188
489,F836,F836-64.0,PF1,64.0,1004.0,3.61,-1.67,790.6696764484564
490,F836,F836-68.0,PF1,68.0,1008.0,3.21,-1.58,790.4228743416091
491,F836,F836-72.0,PF1,72.0,1012.0,2.6,-2.17,790.1760722347619
492,F836,F836-76.0,PF1,76.0,1016.0,2.07,-1.8,789.9292701279147
493,F836,F836-78.0,PF1,78.0,1018.0,2.37,-3.49,789.805869074491
494,F836,F836-80.0,PF1,80.0,1020.0,4.11,-3.67,789.6824680210674
495,F836,F836-82.0,PF1,82.0,1022.0,3.28,-2.08,789.5590669676437
496,F836,F836-84.0,PF1,84.0,1024.0,2.5,-2.13,789.4356659142201
497,F836,F836-86.0,PF1,86.0,1026.0,2.79,-2.07,789.3122648607964
498,F836,F836-88.0,PF1,88.0,1028.0,2.48,-4.19,789.1888638073727
499,F836,F836-90.0,PF1,90.0,1030.0,2.9,-3.68,789.0654627539491
500,F836,F836-92.0,PF1,92.0,1032.0,2.72,-2.31,788.9420617005254
501,F836,F836-94.0,PF1,94.0,1034.0,3.41,-2.59,788.8186606471018
502,F836,F836-96.0,PF1,96.0,1036.0,2.29,-3.62,788.6952595936781
503,F836,F836-98.0,PF1,98.0,1038.0,3.23,-1.76,788.5718585402544
504,F836,F836-100.0,PF1,100.0,1040.0,4.22,-2.01,788.4484574868308
505,F836,F836-102.0,PF1,102.0,1042.0,3.07,-2.92,788.3250564334071
506,F836,F836-104.0,PF1,104.0,1044.0,4.27,-0.76,788.2016553799834
507,F836,F836-106.0,PF1,106.0,1046.0,3.12,-2.37,788.0782543265598
508,F836,F836-108.0,PF1,108.0,1048.0,1.78,-6.54,787.9548532731361
509,F836,F836-112.0,PF1,112.0,1052.0,2.92,-3.16,787.7080511662889
510,F836,F836-114.0,PF1,114.0,1054.0,3.16,-3.99,787.5846501128652
511,F836,F836-116.0,PF1,116.0,1056.0,2.75,-4.07,787.4612490594416
512,F836,F836-118.0,PF1,118.0,1058.0,3.56,-1.8,787.3378480060179
513,F836,F836-120.0,PF1,120.0,1060.0,4.09,-3.55,787.2144469525942
514,F836,F836-122.0,PF1,122.0,1062.0,4.26,-3.13,787.0910458991706
515,F836,F836-124.0,PF1,124.0,1064.0,2.88,-4.86,786.9676448457469
516,F836,F836-128.0,PF1,128.0,1068.0,3.79,-2.43,786.7208427388997
517,F836,F836-130.0,PF1,130.0,1070.0,2.1,-4.33,786.597441685476
518,F836,F836-132.0,PF1,132.0,1072.0,2.52,-3.4,786.4740406320524
519,F836,F836-134.0,PF1,134.0,1074.0,3.04,-5.53,786.3506395786287
520,F836,F836-142.0,PF1,142.0,1082.0,3.29,-4.62,785.8570353649342
521,F836,F836-148.0,PF1,148.0,1088.0,2.74,-4.17,785.4868322046633
522,F836,F836-152.0,PF1,152.0,1092.0,3.14,-3.19,785.2400300978161
523,F836,F836-156.0,PF1,156.0,1096.0,3.2,-2.64,784.9932279909689
524,F836,F836-160.0,PF1,160.0,1100.0,2.53,-5.17,784.7464258841217
525,F836,F836-164.0,PF1,164.0,1104.0,3.03,-4.57,784.4996237772745
526,F836,F836-166.0,PF1,166.0,1106.0,2.51,-2.35,784.3762227238508
527,F836,F836-170.0,PF1,170.0,1110.0,3.76,-2.55,784.1294206170036
528,F836,F836-172.0,PF1,172.0,1112.0,3.96,-1.39,784.0060195635799
529,F836,F836-174.0,PF1,174.0,1114.0,3.15,-2.18,783.8826185101562
530,F836,F836-176.0,PF1,176.0,1116.0,4.2,-3.02,783.7592174567326
531,F836,F836-178.0,PF1,178.0,1118.0,2.7,-6.29,783.6358164033089
532,F836,F836-180.0,PF1,180.0,1120.0,3.13,-5.49,783.5124153498853
533,F836,F836-182.0,PF1,182.0,1122.0,2.69,-2.77,783.3890142964616
534,F836,F836-184.0,PF1,184.0,1124.0,3.96,-1.71,783.2656132430379
535,F836,F836-186.0,PF1,186.0,1126.0,4.29,-5.97,783.1422121896143
536,F836,F836-188.0,PF1,188.0,1128.0,5.12,-1.24,783.0188111361906
537,F836,F836-190.0,PF1,190.0,1130.0,3.03,-3.23,782.895410082767
538,F836,F836-192.0,PF1,192.0,1132.0,5.6,-2.95,782.7720090293433
539,F836,F836-194.0,PF1,194.0,1134.0,4.59,-2.3,782.6486079759196
540,F836,F836-196.0,PF1,196.0,1136.0,3.6,-5.62,782.525206922496
541,F836,F836-198.0,PF1,198.0,1138.0,4.94,-2.69,782.4018058690723
542,F836,F836-200.0,PF1,200.0,1140.0,3.91,-0.8,782.2784048156486
543,F836,F836-202.0,PF1,202.0,1142.0,3.83,-2.55,782.155003762225
544,F836,F836-204.0,PF1,204.0,1144.0,5.14,-1.77,782.0316027088013
545,F836,F836-206.0,PF1,206.0,1146.0,3.88,-2.78,781.9082016553776
546,F836,F836-208.0,PF1,208.0,1148.0,4.18,-0.99,781.784800601954
547,F836,F836-210.0,PF1,210.0,1150.0,5.4,-1.79,781.6613995485303
548,F836,F836-212.0,PF1,212.0,1152.0,3.7,-4.78,781.5379984951066
549,F836,F836-214.0,PF1,214.0,1154.0,3.8,-1.78,781.414597441683
550,F836,F836-218.0,PF1,218.0,1158.0,4.28,-2.53,781.1677953348358
551,F836,F836-220.0,PF1,220.0,1160.0,4.0,-2.57,781.0443942814121
552,F836,F836-224.0,PF1,224.0,1164.0,5.06,0.29,780.7975921745649
553,F836,F836-226.0,PF1,226.0,1166.0,4.08,-2.8,780.6741911211412
554,F836,F836-230.0,PF1,230.0,1170.0,4.76,-2.65,780.427389014294
555,F836,F836-232.0,PF1,232.0,1172.0,4.47,-2.01,780.3039879608704
556,F836,F836-238.0,PF1,238.0,1178.0,5.19,-2.36,779.9337848005995
557,F836,F836-240.0,PF1,240.0,1180.0,5.16,-1.79,779.8103837471758
558,F836,F836-242.0,PF1,242.0,1182.0,6.05,-1.64,779.6869826937522
559,F836,F836-246.0,PF1,246.0,1186.0,4.81,-1.95,779.440180586905
560,F836,F836-248.0,PF1,248.0,1188.0,6.08,-2.42,779.3167795334813
561,F836,F836-250.0,PF1,250.0,1190.0,5.39,-2.25,779.1933784800576
562,F836,F836-252.0,PF1,252.0,1192.0,4.03,-3.85,779.069977426634
563,F836,F836-258.0,PF1,258.0,1198.0,5.62,-2.07,778.6997742663631
564,F836,F836-260.0,PF1,260.0,1200.0,4.86,-2.01,778.5763732129394
565,F836,F836-264.0,PF1,264.0,1204.0,5.21,-1.86,778.3295711060922
566,F836,F836-266.0,PF1,266.0,1206.0,5.9,-1.08,778.2061700526685
567,F836,F836-268.0,PF1,268.0,1208.0,4.94,-2.68,778.0827689992449
568,F836,F836-270.0,PF1,270.0,1210.0,4.12,-2.53,777.9593679458212
569,F836,F836-272.0,PF1,272.0,1212.0,5.75,0.33,777.8359668923976
570,F836,F836-274.0,PF1,274.0,1214.0,2.6,-1.39,777.7125658389739
571,F836,F836-276.0,PF1,276.0,1216.0,4.8,-2.83,777.5891647855502
572,F836,F836-278.0,PF1,278.0,1218.0,4.0,-3.99,777.4657637321266
573,F836,F836-293.0,PF1,293.0,1233.0,5.46,-4.98,776.5402558314494
574,F836,F836-296.0,PF1,296.0,1236.0,5.84,-2.2,776.3551542513139
575,F836,F836-298.0,PF1,298.0,1238.0,5.73,-1.93,776.2317531978903
576,F836,F836-304.0,PF1,304.0,1244.0,5.56,-2.01,775.8615500376194
577,F836,F836-308.0,PF1,308.0,1248.0,5.52,-2.61,775.6147479307722
578,F836,F836-312.0,PF1,312.0,1252.0,5.56,-3.25,775.367945823925
579,F836,F836-316.0,PF1,316.0,1256.0,6.28,-1.41,775.1211437170778
580,F836,F836-333.0,PF1,333.0,1273.0,6.62,-2.01,774.0722347629769
581,F836,F836-340.0,PF1,340.0,1280.0,6.37,-2.16,773.6403310759943
582,F836,F836-352.0,PF1,352.0,1292.0,5.84,-1.39,772.8999247554525
583,F836,F836-354.0,PF1,354.0,1294.0,6.81,-1.05,772.7765237020288
584,F836,F836-358.0,PF1,358.0,1298.0,5.97,-1.67,772.5297215951816
585,F836,F836-364.0,PF1,364.0,1304.0,6.24,-1.69,772.1595184349108
586,F836,F836-366.0,PF1,366.0,1306.0,6.24,-1.27,772.0361173814871
587,F836,F836-368.0,PF1,368.0,1308.0,6.88,-1.17,771.9127163280634
588,F836,F836-370.0,PF1,370.0,1310.0,7.02,-1.71,771.7893152746398
589,F836,F836-372.0,PF1,372.0,1312.0,7.1,-1.47,771.6659142212161
590,F836,F836-374.0,PF1,374.0,1314.0,6.86,-1.11,771.5425131677924
591,F836,F836-376.0,PF1,376.0,1316.0,6.99,-0.43,771.4191121143688
592,F836,F836-378.0,PF1,378.0,1318.0,6.09,0.79,771.2957110609451
593,F836,F836-380.0,PF1,380.0,1320.0,6.98,-1.7,771.1723100075214
594,F836,F836-382.0,PF1,382.0,1322.0,6.18,-0.61,771.0489089540978
595,F836,F836-394.0,PF1,394.0,1334.0,6.28,-1.29,770.308502633556
596,F836,F836-399.0,PF1,399.0,1339.0,3.27,1.33,770
597,F836,F836-501.0,PF2,501.0,1441.0,1.97,-3.83,753
598,F836,F836-503.0,PF2,503.0,1443.0,1.52,-3.19,752.9139678615575
599,F836,F836-505.0,PF2,505.0,1445.0,1.9,-4.34,752.8279357231149
600,F836,F836-507.0,PF3,507.0,1447.0,3.22,-3.17,752.7419035846724
601,F836,F836-509.0,PF3,509.0,1449.0,3.69,-0.65,752.6558714462299
602,F836,F836-511.0,PF3,511.0,1451.0,3.17,-1.56,752.5698393077873
603,F836,F836-513.0,PF3,513.0,1453.0,3.59,-3.28,752.4838071693448
604,F836,F836-515.0,PF3,515.0,1455.0,4.53,-0.75,752.3977750309023
605,F836,F836-519.0,PF3,519.0,1459.0,2.79,1.68,752.2257107540172
606,F836,F836-523.0,PF3,523.0,1463.0,5.01,0.41,752.0536464771321
607,F836,F836-527.0,PF3,527.0,1467.0,4.63,-0.52,751.8815822002471
608,F836,F836-531.0,PF3,531.0,1471.0,2.97,0.18,751.709517923362
609,F836,F836-535.0,PF3,535.0,1475.0,4.5,-3.54,751.5374536464769
610,F836,F836-539.0,PF3,539.0,1479.0,3.36,-1.56,751.3653893695919
611,F836,F836-543.0,PF3,543.0,1483.0,3.99,-3.31,751.1933250927068
612,F836,F836-547.0,PF3,547.0,1487.0,4.14,-0.94,751.0212608158217
613,F836,F836-551.0,PF3,551.0,1491.0,3.92,-0.61,750.8491965389367
614,F836,F836-555.0,PF3,555.0,1495.0,4.58,-1.08,750.6771322620516
615,F836,F836-557.0,PF3,557.0,1497.0,5.63,0.25,750.5911001236091
616,F836,F836-559.0,PF3,559.0,1499.0,5.0,-0.6,750.5050679851665
617,F836,F836-563.0,PF3,563.0,1503.0,4.06,-2.64,750.3330037082815
618,F836,F836-567.0,PF3,567.0,1507.0,3.62,1.67,750.1609394313964
619,F836,F836-571.0,PF3,571.0,1511.0,3.6,-1.09,749.9888751545113
620,F836,F836-575.0,PF3,575.0,1515.0,2.06,0.98,749.8168108776263
621,F836,F836-576.0,PF3,576.0,1516.0,2.8,1.43,749.773794808405
622,F836,F836-586.0,PF3,586.0,1526.0,3.66,-0.37,749.3436341161924
623,F836,F836-587.0,PF3,587.0,1527.0,4.94,-4.87,749.3006180469712
624,F836,F836-591.0,PF3,591.0,1531.0,4.42,2.66,749.1285537700861
625,F836,F836-595.0,PF3,595.0,1535.0,4.38,0.35,748.956489493201
626,F836,F836-599.0,PF3,599.0,1539.0,4.77,0.79,748.784425216316
627,F836,F836-603.0,PF3,603.0,1543.0,3.87,0.21,748.6123609394309
628,F836,F836-609.0,PF3,609.0,1549.0,4.54,1.58,748.3542645241033
629,F836,F836-613.0,PF3,613.0,1553.0,4.52,-0.23,748.1822002472182
630,F836,F836-617.0,PF3,617.0,1557.0,4.9,1.18,748.0101359703332
631,F836,F836-621.0,PF3,621.0,1561.0,5.37,1.38,747.8380716934481
632,F836,F836-625.0,PF3,625.0,1565.0,5.0,2.41,747.666007416563
633,F836,F836-629.0,PF3,629.0,1569.0,5.11,1.47,747.493943139678
634,F836,F836-631.0,PF3,631.0,1571.0,5.04,2.16,747.4079110012354
635,F836,F836-633.0,PF3,633.0,1573.0,4.53,-3.29,747.3218788627929
636,F836,F836-635.0,PF3,635.0,1575.0,4.75,0.37,747.2358467243504
637,F836,F836-637.0,PF3,637.0,1577.0,4.6,-1.1,747.1498145859078
638,F836,F836-639.0,PF3,639.0,1579.0,4.65,0.91,747.0637824474653
639,F836,F836-641.0,PF3,641.0,1581.0,5.18,1.51,746.9777503090228
640,F836,F836-643.0,PF3,643.0,1583.0,5.88,2.62,746.8917181705802
641,F836,F836-645.0,PF3,645.0,1585.0,5.43,1.57,746.8056860321377
642,F836,F836-647.0,PF3,647.0,1587.0,5.62,1.67,746.7196538936952
643,F836,F836-649.0,PF3,649.0,1589.0,5.81,2.53,746.6336217552526
644,F836,F836-651.0,PF3,651.0,1591.0,5.35,-0.03,746.5475896168101
645,F836,F836-659.0,PF3,659.0,1599.0,5.19,1.66,746.20346106304
646,F836,F836-661.0,PF3,661.0,1601.0,5.67,1.05,746.1174289245974
647,F836,F836-663.0,PF3,663.0,1603.0,5.52,0.64,746.0313967861549
648,F836,F836-665.0,PF3,665.0,1605.0,5.63,-0.78,745.9453646477124
649,F836,F836-667.0,PF3,667.0,1607.0,5.2,-0.24,745.8593325092698
650,F836,F836-671.0,PF3,671.0,1611.0,5.37,0.3,745.6872682323848
651,F836,F836-673.0,PF3,673.0,1613.0,5.18,0.17,745.6012360939422
652,F836,F836-677.0,PF3,677.0,1617.0,4.14,-0.01,745.4291718170572
653,F836,F836-679.0,PF3,679.0,1619.0,4.29,-1.13,745.3431396786146
654,F836,F836-681.0,PF3,681.0,1621.0,3.95,0.62,745.2571075401721
655,F836,F836-683.0,PF3,683.0,1623.0,4.38,-2.49,745.1710754017296
656,F836,F836-685.0,PF3,685.0,1625.0,4.9,0.87,745.085043263287
657,F836,F836-687.0,PF3,687.0,1627.0,4.47,0.18,744.9990111248445
658,F836,F836-689.0,PF3,689.0,1629.0,4.38,0.08,744.912978986402
659,F836,F836-691.0,PF3,691.0,1631.0,4.86,0.55,744.8269468479594
660,F836,F836-693.0,PF3,693.0,1633.0,4.7,-2.95,744.7409147095169
661,F836,F836-697.0,PF3,697.0,1637.0,2.2,-0.89,744.5688504326318
662,F836,F836-699.0,PF3,699.0,1639.0,4.75,-1.7,744.4828182941893
663,F836,F836-701.0,PF3,701.0,1641.0,4.71,-2.84,744.3967861557468
664,F836,F836-705.0,PF3,705.0,1645.0,4.9,-0.51,744.2247218788617
665,F836,F836-707.0,PF3,707.0,1647.0,5.13,-0.69,744.1386897404192
666,F836,F836-709.0,PF3,709.0,1649.0,4.86,-4.2,744.0526576019766
667,F836,F836-711.0,PF3,711.0,1651.0,4.86,-0.22,743.9666254635341
668,F836,F836-713.0,PF3,713.0,1653.0,4.37,0.03,743.8805933250916
669,F836,F836-717.0,PF3,717.0,1657.0,3.17,1.09,743.7085290482065
670,F836,F836-720.0,PF3,720.0,1660.0,3.27,0.24,743.5794808405427
671,F836,F836-726.0,PF3,726.0,1666.0,3.44,-2.88,743.3213844252151
672,F836,F836-728.0,PF3,728.0,1668.0,4.07,-0.87,743.2353522867726
673,F836,F836-730.0,PF3,730.0,1670.0,3.59,-1.56,743.14932014833
674,F836,F836-732.0,PF3,732.0,1672.0,3.36,1.57,743.0632880098875
675,F836,F836-734.0,PF3,734.0,1674.0,3.61,1.21,742.977255871445
676,F836,F836-736.0,PF3,736.0,1676.0,4.08,1.85,742.8912237330024
677,F836,F836-738.0,PF3,738.0,1678.0,4.12,1.46,742.8051915945599
678,F836,F836-740.0,PF3,740.0,1680.0,4.01,0.8,742.7191594561174
679,F836,F836-742.0,PF3,742.0,1682.0,3.92,2.36,742.6331273176748
680,F836,F836-744.0,PF3,744.0,1684.0,3.39,2.0,742.5470951792323
681,F836,F836-746.0,PF3,746.0,1686.0,3.16,-1.04,742.4610630407898
682,F836,F836-748.0,PF3,748.0,1688.0,3.68,-2.17,742.3750309023472
683,F836,F836-750.0,PF3,750.0,1690.0,3.08,-0.77,742.2889987639047
684,F836,F836-752.0,PF3,752.0,1692.0,3.83,-1.06,742.2029666254622
685,F836,F836-754.0,PF3,754.0,1694.0,3.81,-2.81,742.1169344870196
686,F836,F836-756.0,PF3,756.0,1696.0,3.98,-2.72,742.0309023485771
687,F836,F836-758.0,PF3,758.0,1698.0,4.09,-4.68,741.9448702101346
688,F836,F836-760.0,PF3,760.0,1700.0,4.0,-1.65,741.858838071692
689,F836,F836-762.0,PF3,762.0,1702.0,4.02,-3.97,741.7728059332495
690,F836,F836-764.0,PF3,764.0,1704.0,4.17,-0.57,741.686773794807
691,F836,F836-766.0,PF3,766.0,1706.0,3.79,-4.07,741.6007416563644
692,F836,F836-768.0,PF3,768.0,1708.0,3.91,-2.88,741.5147095179219
693,F836,F836-770.0,PF3,770.0,1710.0,4.02,-1.27,741.4286773794794
694,F836,F836-772.0,PF3,772.0,1712.0,3.95,-3.15,741.3426452410368
695,F836,F836-774.0,PF3,774.0,1714.0,3.7,-3.95,741.2566131025943
696,F836,F836-776.0,PF3,776.0,1716.0,3.8,-2.23,741.1705809641518
697,F836,F836-778.0,PF3,778.0,1718.0,3.78,-1.31,741.0845488257092
698,F836,F836-780.0,PF3,780.0,1720.0,3.91,1.83,740.9985166872667
699,F836,F836-782.0,PF3,782.0,1722.0,3.75,-2.94,740.9124845488242
700,F836,F836-784.0,PF3,784.0,1724.0,3.96,-4.03,740.8264524103816
701,F836,F836-786.0,PF3,786.0,1726.0,3.78,-3.79,740.7404202719391
702,F836,F836-788.0,PF3,788.0,1728.0,4.21,-3.58,740.6543881334966
703,F836,F836-790.0,PF3,790.0,1730.0,4.12,-0.39,740.568355995054
704,F836,F836-794.0,PF3,794.0,1734.0,4.11,-1.92,740.396291718169
705,F836,F836-798.0,PF3,798.0,1738.0,4.03,0.8,740.2242274412839
706,F836,F836-800.0,PF3,800.0,1740.0,4.43,-0.77,740.1381953028414
707,F836,F836-802.0,PF3,802.0,1742.0,4.1,1.5,740.0521631643988
708,F836,F836-804.0,PF3,804.0,1744.0,4.06,-3.11,739.9661310259563
709,F836,F836-806.0,PF3,806.0,1746.0,4.67,0.46,739.8800988875138
710,F836,F836-808.0,PF3,808.0,1748.0,4.86,1.32,739.7940667490712
711,F836,F836-810.0,PF3,810.0,1750.0,5.02,0.96,739.7080346106287
712,F836,F836-812.0,PF3,812.0,1752.0,4.27,-1.14,739.6220024721862
713,F836,F836-814.0,PF3,814.0,1754.0,3.94,-0.15,739.5359703337436
714,F836,F836-816.0,PF3,816.0,1756.0,4.06,-0.9,739.4499381953011
715,F836,F836-818.0,PF3,818.0,1758.0,3.48,1.24,739.3639060568586
716,F836,F836-820.0,PF3,820.0,1760.0,3.46,-1.08,739.277873918416
717,F836,F836-822.0,PF3,822.0,1762.0,4.69,-0.62,739.1918417799735
718,F836,F836-838.0,PF3,838.0,1778.0,4.7,-0.79,738.5035846724334
719,F836,F836-842.0,LMH,842.0,1782.0,1.81,-4.0,738.3315203955483
720,F836,F836-854.0,LMH,854.0,1794.0,2.69,-3.65,737.8153275648932
721,F836,F836-880.0,LMH,880.0,1820.0,2.14,-4.53,736.6969097651404
722,F836,F836-888.0,LMH,888.0,1828.0,1.59,-7.06,736.3527812113703
723,F836,F836-889.0,LMH,889.0,1829.0,1.27,-8.38,736.309765142149
724,F836,F836-890.0,LMH,890.0,1830.0,1.48,-9.16,736.2667490729277
725,F836,F836-891.0,LMH,891.0,1831.0,0.78,-1.44,736.2237330037065
726,F836,F836-893.0,LMH,893.0,1833.0,-2.02,-1.24,736.1377008652639
727,F836,F836-894.0,LMH,894.0,1834.0,-2.15,-2.94,736.0946847960427
728,F836,F836-895.0,LMH,895.0,1835.0,-4.27,-2.63,736.0516687268214
729,F836,F836-896.0,LMH,896.0,1836.0,-6.15,-2.19,736.0086526576001
730,F836,F836-897.0,LMH,897.0,1837.0,-1.67,-4.09,735.9656365883789
731,F836,F836-899.0,LMH,899.0,1839.0,-1.68,-4.55,735.8796044499363
732,F836,F836-900.0,LMH,900.0,1840.0,0.03,-4.37,735.836588380715
733,F836,F836-901.0,LMH,901.0,1841.0,-0.45,-4.68,735.7935723114938
734,F836,F836-902.0,LMH,902.0,1842.0,0.24,-2.13,735.7505562422725
735,F836,F836-904.0,LMH,904.0,1844.0,0.27,-4.94,735.66452410383
736,F836,F836-905.5,LMH,905.5,1845.5,0.32,-3.41,735.6
