,section,sample,formation,section_strat,strat_m,d13C,d18O,87Sr/86Sr,87Sr/86Sr_filtered,Ba_ppm,Mn_ppm,Fe_ppm,Mg_ppm,Ca_ppm,Sr_ppm,Na_ppm,Mn/Sr,Mg/Ca,age
0,,-,,,0.0,,,,,,,,,,,,,,880
1,P11A,P11A-3.2,Little Dal,3.2,3.2,0.4,-9.01,,,25.86,919.43,13447.92,58215.04,105115.34,49.31,403.66,29.74,0.91,879.8392475416845
2,P11A,P11A-4.7,Little Dal,4.7,4.7,0.88,-8.51,,,26.94,750.66,11029.81,49081.23,90907.85,42.62,341.69,28.09,0.89,879.7638948268491
3,P11A,P11A-8.3,Little Dal,8.3,8.3,0.55,-8.1,,,48.08,447.63,13197.55,33832.41,67991.62,33.52,270.88,21.3,0.82,879.5830483112442
4,P11A,P11A-9.1,Little Dal,9.1,9.1,0.48,-8.54,,,47.53,458.54,13891.15,33218.49,67233.24,34.77,275.34,21.04,0.81,879.5428601966653
5,P11A,P11A-10.5,Little Dal,10.5,10.5,0.29,-8.85,,,,,,,,,,,,879.4725309961523
6,P11A,P11A-30.0,Little Dal,30,30.0,0.8,-7.58,,,27.34,354.14,9837.91,76343.33,153589.44,77.25,568.53,7.31,0.82,878.4929457032921
7,P11A,P11A-33.0,Little Dal,33,33.0,0.3,-6.98,0.71141,,26.06,248.55,6854.3,71426.24,133585.27,70.34,504.8,5.64,0.88,878.3422402736213
8,P11A,P11A-36.2,Little Dal,36.2,36.2,0.29,-8.5,,,23.4,319.31,9340.28,92034.48,179112.13,116.58,499.2,4.37,0.85,878.1814878153058
9,P11A,P11A-37.1,Little Dal,37.1,37.1,0.27,-8.22,,,26.26,290.3,8987.65,74828.31,135056.04,90.78,361.4,5.1,0.91,878.1362761864045
10,P11A,P11A-38.6,Little Dal,38.6,38.6,0.41,-8.26,,,23.38,328.22,10135.05,100016.18,196825.65,134.17,565.93,3.9,0.84,878.0609234715691
11,P11A,P11A-39.6,Little Dal,39.6,39.6,1.01,-7.66,,,24.68,256.77,7387.96,84946.61,157914.71,112.35,685.44,3.65,0.89,878.0106883283455
12,P11A,P11A-40.9,Little Dal,40.9,40.9,0.13,-10.27,,,21.42,335.57,8254.16,83274.28,165665.86,123.7,383.27,4.33,0.83,877.9453826421549
13,P11A,P11A-41.5,Little Dal,41.5,41.5,0.16,-9.43,,,21.68,319.07,7335.53,71661.27,206048.79,145.01,403.6,3.51,0.57,877.9152415562207
14,P11A,P11A-41.8,Little Dal,41.8,41.8,0.62,-9.86,,,15.47,249.74,3762.69,12528.11,323275.65,188.03,612.07,2.12,0.06,877.9001710132536
15,P11A,P11A-43.5,Little Dal,43.5,43.5,0.81,-9.36,,,22.6,230.37,5773.16,66143.09,162228.99,113.9,358.93,3.23,0.67,877.8147712697735
16,P11A,P11A-44.5,Little Dal,44.5,44.5,0.57,-8.84,,,,,,,,,,,,877.7645361265498
17,P11A,P11A-46.7,Little Dal,46.7,46.7,0.43,-9.63,,,11.33,130.05,460.72,5120.13,366338.05,300.28,549.84,0.69,0.02,877.654018811458
18,P11A,P11A-50.5,Little Dal,50.5,50.5,0.95,-9.78,,,14.3,248.99,695.95,7575.06,353337.89,204.12,594.78,1.95,0.04,877.4631252672083
19,P11A,P11A-53.0,Little Dal,53,53.0,0.35,-8.96,,,,,,,,,,,,877.3375374091493
20,P11A,P11A-56.1,Little Dal,56.1,56.1,0.65,-8.79,,,9.18,420.05,567.35,4778.18,323457.18,267.79,542.39,2.5,0.02,877.1818084651561
21,P11A,P11A-58.6,Little Dal,58.6,58.6,1.37,-8.63,,,13.07,287.01,1038.84,5524.58,338791.37,267.81,550.28,1.71,0.03,877.0562206070971
22,P11A,P11A-62.4,Little Dal,62.4,62.4,1.21,-9.2,,,14.42,196.91,1028.39,4579.14,316812.76,251.37,503.18,1.25,0.02,876.8653270628474
23,P11A,P11A-64.5,Little Dal,64.5,64.5,1.4,-8.52,,,12.84,164.8,630.39,4790.87,361645.83,249.21,611.95,1.05,0.02,876.7598332620779
24,P11A,P11A-67.2,Little Dal,67.2,67.2,1.69,-8.9,,,14.65,131.63,700.41,5161.59,341363.81,344.4,553.79,0.61,0.02,876.6241983753741
25,P11A,P11A-68.4,Little Dal,68.4,68.4,1.12,-8.65,,,16.62,199.17,676.28,2637.03,361098.68,176.75,560.85,1.8,0.01,876.5639162035059
26,P11A,P11A-70.0,Little Dal,70,70.0,1.53,-10.88,,,10.86,203.6,569.27,4241.74,330949.73,260.35,504.0,1.25,0.02,876.4835399743481
27,P11A,P11A-71.4,Little Dal,71.4,71.4,1.59,-8.18,,,12.14,199.0,787.18,4980.77,342687.89,234.25,558.54,1.35,0.02,876.4132107738351
28,P11A,P11A-73.3,Little Dal,73.3,73.3,1.58,-8.6,,,11.4,114.76,298.4,6806.84,354730.68,305.19,555.88,0.6,0.03,876.3177640017102
29,P11A,P11A-75.9,Little Dal,75.9,75.9,2.17,-8.28,,,15.12,190.74,2030.54,46198.09,256765.95,163.28,603.68,1.86,0.3,876.1871526293288
30,P11A,P11A-78.1,Little Dal,78.1,78.1,1.68,-7.81,,,16.52,221.31,2287.94,56404.59,258850.9,114.91,515.38,3.07,0.36,876.0766353142369
31,P11A,P11A-84.8,Little Dal,84.8,84.8,2.73,-8.7,,,10.23,81.24,142.28,5234.89,332406.0,301.74,574.72,0.43,0.03,875.7400598546388
32,P11A,P11A-87.5,Little Dal,87.5,87.5,2.4,-8.0,,,9.81,86.17,304.17,7818.96,342763.43,191.63,520.18,0.72,0.04,875.6044249679351
33,P11A,P11A-91.4,Little Dal,91.4,91.4,3.26,-8.0,,,12.86,105.05,935.47,42219.84,293963.19,152.69,591.26,1.1,0.24,875.408507909363
34,P11A,P11A-93.7,Little Dal,93.7,93.7,2.72,-8.62,,,9.01,71.41,235.34,3193.65,353470.53,175.89,566.04,0.65,0.01,875.2929670799488
35,P11A,P11A-95.1,Little Dal,95.1,95.1,2.68,-8.62,,,10.41,76.75,313.83,3990.53,363403.4,157.26,567.29,0.78,0.02,875.2226378794358
36,P11A,P11A-103.5,Little Dal,103.5,103.5,2.77,-8.26,,,12.93,121.67,603.73,4979.01,443856.41,127.19,646.39,1.53,0.02,874.8006626763575
37,P11A,P11A-107.4,Little Dal,107.4,107.4,3.09,-8.07,0.70687,,,,,,,,,,,874.6047456177855
38,P11A,P11A-110.1,Little Dal,110.1,110.1,3.33,-8.04,,,10.74,100.7,1018.36,7419.0,358033.83,264.7,554.71,0.61,0.03,874.4691107310817
39,P11A,P11A-113.2,Little Dal,113.2,113.2,1.97,-6.59,,,12.52,116.75,724.06,8250.45,350644.45,180.46,576.54,1.03,0.04,874.3133817870886
40,P11A,P11A-115.0,Little Dal,115,115.0,5.04,-8.13,,,,,,,,,,,,874.2229585292861
41,P11A,P11A-116.5,Little Dal,116.5,116.5,3.94,-7.93,,,12.17,179.04,734.57,8041.9,321858.67,266.74,585.76,1.07,0.04,874.1476058144507
42,P11A,P11A-119.0,Little Dal,119,119.0,3.75,-9.1,,,,,,,,,,,,874.0220179563917
43,P11A,P11A-121.5,Little Dal,121.5,121.5,3.92,-8.64,,,10.52,115.45,323.5,3604.39,359178.15,137.29,566.62,1.34,0.02,873.8964300983326
44,P11A,P11A-123.0,Little Dal,123,123.0,4.16,-7.95,0.70662,0.706616,10.52,94.23,494.29,5860.34,340811.41,378.46,645.57,0.4,0.03,873.8210773834973
45,P11A,P11A-126.1,Little Dal,126.1,126.1,4.58,-7.98,,,11.58,88.31,2446.82,11904.53,331365.41,364.69,613.0,0.39,0.06,873.6653484395041
46,P11A,P11A-127.8,Little Dal,127.8,127.8,4.56,-7.72,,,8.59,56.68,516.97,3965.54,277550.19,166.47,452.39,0.54,0.02,873.579948696024
47,P11A,P11A-129.3,Little Dal,129.3,129.3,4.03,-8.82,,,,,,,,,,,,873.5045959811886
48,P11A,P11A-130.6,Little Dal,130.6,130.6,4.98,-7.31,,,,,,,,,,,,873.4392902949979
49,P11A,P11A-132.9,Little Dal,132.9,132.9,4.96,-7.52,,,,,,,,,,,,873.3237494655837
50,P11A,P11A-138.8,Little Dal,138.8,138.8,4.91,-7.22,,,,,,,,,,,,873.0273621205645
51,P11A,P11A-141.8,Little Dal,141.8,141.8,5.17,-6.41,,,,,,,,,,,,872.8766566908937
52,P11A,P11A-142.8,Little Dal,142.8,142.8,5.25,-6.58,,,,,,,,,,,,872.8264215476701
53,P11A,P11A-145.2,Little Dal,145.2,145.2,5.47,-6.49,,,,,,,,,,,,872.7058572039334
54,P11A,P11A-148.1,Little Dal,148.1,148.1,4.29,-8.36,,,,,,,,,,,,872.560175288585
55,P11A,P11A-150.5,Little Dal,150.5,150.5,5.32,-6.65,,,,,,,,,,,,872.4396109448484
56,P11A,P11A-153.5,Little Dal,153.5,153.5,5.08,-6.41,,,,,,,,,,,,872.2889055151776
57,P11A,P11A-155.0,Little Dal,155,155.0,4.06,-7.56,,,10.32,68.72,470.71,5099.35,338921.62,260.17,573.18,0.42,0.02,872.2135528003422
58,P11A,P11A-157.5,Little Dal,157.5,157.5,3.45,-6.59,,,22.98,461.56,16156.89,68984.68,171564.01,104.34,423.26,7.06,0.66,872.0879649422832
59,P11A,P11A-159.0,Little Dal,159,159.0,3.19,-7.79,,,17.18,242.11,2216.67,5882.22,276081.32,257.92,479.1,1.5,0.04,872.0126122274478
60,P11A,P11A-161.0,Little Dal,161,161.0,3.62,-7.11,0.71208,,19.04,375.04,11527.48,53293.82,213056.3,107.35,495.69,5.57,0.41,871.9121419410006
61,P11A,P11A-163.0,Little Dal,163,163.0,3.12,-7.82,,,11.04,195.82,2641.29,12373.44,309669.84,280.11,574.46,1.11,0.07,871.8116716545535
62,P11A,P11A-164.5,Little Dal,164.5,164.5,3.61,-7.32,,,18.76,257.95,7872.48,31113.41,169503.84,94.14,368.56,4.37,0.3,871.7363189397181
63,P11A,P11A-165.7,Little Dal,165.7,165.7,3.45,-7.77,,,21.67,222.42,3948.83,17610.42,250817.85,183.7,483.06,1.93,0.12,871.6760367678498
64,P11A,P11A-167.6,Little Dal,167.6,167.6,3.75,-7.18,,,17.35,302.49,9262.7,47317.43,203472.07,120.17,384.1,4.01,0.38,871.580589995725
65,P11A,P11A-170.0,Little Dal,170,170.0,4.03,-7.09,,,18.53,295.13,9526.36,46352.65,211771.07,104.38,422.23,4.51,0.36,871.4600256519883
66,P11A,P11A-171.4,Little Dal,171.4,171.4,4.29,-7.33,,,19.62,317.64,8425.32,51790.95,221276.35,89.11,470.86,5.68,0.39,871.3896964514753
67,P11A,P11A-172.9,Little Dal,172.9,172.9,3.87,-7.58,,,13.13,173.27,1385.45,8325.35,301487.94,253.98,549.99,1.09,0.05,871.3143437366399
68,P11A,P11A-174.1,Little Dal,174.1,174.1,3.88,-7.75,,,10.84,149.09,1290.59,5788.17,310988.9,212.21,490.52,1.12,0.03,871.2540615647716
69,P11A,P11A-174.8,Little Dal,174.8,174.8,4.0,-9.46,,,12.53,172.25,1708.3,4377.72,272816.22,282.2,464.32,0.97,0.03,871.2188969645151
70,P11A,P11A-175.8,Little Dal,175.8,175.8,4.4,-6.53,,,21.27,406.12,13110.43,79883.12,210757.21,74.11,527.73,8.74,0.63,871.1686618212915
71,P11A,P11A-177.3,Little Dal,177.3,177.3,4.1,-7.74,,,19.02,215.95,1167.9,5532.06,347458.34,340.1,549.61,1.01,0.03,871.0933091064561
72,P11A,P11A-179.3,Little Dal,179.3,179.3,4.05,-7.88,,,11.92,176.69,1279.98,7461.17,321937.05,279.49,571.23,1.01,0.04,870.992838820009
73,P11A,P11A-181.0,Little Dal,181,181.0,4.0,-7.84,,,11.97,349.64,2612.06,10331.18,318995.97,130.61,549.28,4.27,0.05,870.9074390765288
74,P11A,P11A-182.5,Little Dal,182.5,182.5,4.23,-7.53,,,39.97,171.53,1751.02,5372.2,323850.05,221.67,492.3,1.23,0.03,870.8320863616934
75,P11A,P11A-185.7,Little Dal,185.7,185.7,4.16,-7.66,,,12.12,166.72,2256.2,5713.05,260515.33,239.2,459.21,1.11,0.04,870.6713339033779
76,P11A,P11A-188.9,Little Dal,188.9,188.9,4.74,-7.11,0.71119,,21.75,340.2,8986.9,53408.52,219585.4,83.32,482.1,6.51,0.4,870.5105814450624
77,P11A,P11A-190.8,Little Dal,190.8,190.8,4.16,-7.53,,,14.31,236.41,1557.83,4328.08,333079.1,179.89,590.28,2.1,0.02,870.4151346729375
78,P11A,P11A-192.6,Little Dal,192.6,192.6,4.29,-7.56,,,,,,,,,,,,870.324711415135
79,P11A,P11A-194.5,Little Dal,194.5,194.5,4.42,-7.49,,,15.31,205.89,2866.67,11905.3,312751.69,285.21,562.5,1.15,0.06,870.2292646430101
80,P11A,P11A-196.9,Little Dal,196.9,196.9,4.38,-7.61,,,15.6,177.62,2273.28,7339.43,320820.91,266.57,557.31,1.06,0.04,870.1087002992734
81,P11A,P11A-199.5,Little Dal,199.5,199.5,4.2,-7.74,,,12.12,183.65,1878.48,5468.96,318301.92,314.87,572.11,0.93,0.03,869.978088926892
82,P11A,P11A-201.4,Little Dal,201.4,201.4,4.31,-7.76,,,14.99,196.5,1934.86,4941.23,310529.59,319.48,523.36,0.98,0.03,869.8826421547672
83,P11A,P11A-203.3,Little Dal,203.3,203.3,5.45,-7.74,,,17.54,235.1,7262.68,21461.63,271421.86,194.72,489.69,1.93,0.13,869.7871953826423
84,P11A,P11A-205.6,Little Dal,205.6,205.6,4.55,-7.9,,,13.51,140.45,940.01,4561.52,337984.66,291.41,587.09,0.77,0.02,869.671654553228
85,P11A,P11A-207.7,Little Dal,207.7,207.7,4.56,-7.51,,,12.69,105.39,687.99,4334.53,330161.24,187.62,582.14,0.9,0.02,869.5661607524585
86,P11A,P11A-210.0,Little Dal,210,210.0,5.22,-7.05,0.71086,,17.23,221.43,9234.03,43086.38,257050.1,163.53,469.17,2.16,0.28,869.4506199230442
87,P11A,P11A-212.0,Little Dal,212,212.0,4.42,-7.98,,,10.68,137.94,876.56,4418.04,307591.38,164.83,548.33,1.33,0.02,869.350149636597
88,P11A,P11A-213.6,Little Dal,213.6,213.6,4.36,-7.59,,,,,,,,,,,,869.2697734074393
89,P11A,P11A-216.5,Little Dal,216.5,216.5,4.97,-7.51,,,,,,,,,,,,869.1240914920909
90,P11A,P11A-219.5,Little Dal,219.5,219.5,4.72,-7.79,,,,,,,,,,,,868.9733860624201
91,P11A,P11A-221.2,Little Dal,221.2,221.2,4.68,-7.52,,,,,,,,,,,,868.88798631894
92,P11A,P11A-224.0,Little Dal,224,224.0,4.47,-7.44,,,,,,,,,,,,868.7473279179139
93,P11A,P11A-225.9,Little Dal,225.9,225.9,4.47,-7.68,,,,,,,,,,,,868.651881145789
94,P11A,P11A-228.9,Little Dal,228.9,228.9,4.82,-7.46,,,,,,,,,,,,868.5011757161183
95,P11A,P11A-230.8,Little Dal,230.8,230.8,4.4,-8.04,,,,,,,,,,,,868.4057289439934
96,P11A,P11A-234.1,Little Dal,234.1,234.1,4.57,-7.54,,,,,,,,,,,,868.2399529713555
97,P11A,P11A-236.0,Little Dal,236,236.0,4.4,-7.87,,,,,,,,,,,,868.1445061992306
98,P11A,P11A-238.7,Little Dal,238.7,238.7,5.3,-7.44,,,,,,,,,,,,868.0088713125268
99,P11A,P11A-242.1,Little Dal,242.1,242.1,4.62,-7.83,,,,,,,,,,,,867.8380718255665
100,P11A,P11A-244.0,Little Dal,244,244.0,4.1,-8.48,,,,,,,,,,,,867.7426250534417
101,P11A,P11A-247.1,Little Dal,247.1,247.1,4.25,-7.88,,,,,,,,,,,,867.5868961094485
102,P11A,P11A-250.7,Little Dal,250.7,250.7,4.0,-8.65,,,,,,,,,,,,867.4060495938436
103,P11A,P11A-257.9,Little Dal,257.9,255.2,5.05,-8.99,,,,,,,,,,,,867.1799914493374
104,P11A,P11A-255.2,Little Dal,255.2,257.9,3.74,-9.42,,,,,,,,,,,,867.0443565626337
105,P11A,P11A-260.5,Little Dal,260.5,260.5,4.63,-8.62,,,,,,,,,,,,866.9137451902523
106,P11A,P11A-262.6,Little Dal,262.6,262.6,4.53,-10.0,,,,,,,,,,,,866.8082513894827
107,P11A,P11A-265.3,Little Dal,265.3,265.3,4.25,-8.63,,,,,,,,,,,,866.672616502779
108,P11A,P11A-267.0,Little Dal,267,267.0,5.35,-7.19,,,,,,,,,,,,866.5872167592988
109,P11A,P11A-269.2,Little Dal,269.2,269.2,4.17,-10.52,,,,,,,,,,,,866.4766994442069
110,P11A,P11A-272.3,Little Dal,272.3,272.3,4.4,-8.38,,,,,,,,,,,,866.3209705002138
111,P11A,P11A-273.0,Little Dal,273,273.0,4.43,-8.46,,,,,,,,,,,,866.2858058999573
112,P11A,P11A-275.0,Little Dal,275,275.0,4.27,-8.26,,,,,,,,,,,,866.1853356135101
113,P11A,P11A-278.0,Little Dal,278,278.0,3.78,-8.72,,,,,,,,,,,,866.0346301838393
114,G12,G12--1.4,Little Dal,-1.4,278.6,3.7,-9.49,,,16.64,31.65,648.46,4097.32,409799.88,139.37,1196.57,0.36,0.02,866.0044890979052
115,P11A,P11A-280.0,Little Dal,280,280.0,3.94,-9.1,,,,,,,,,,,,865.9341598973922
116,G12,G12-0.3,Little Dal,0.3,281.5,3.79,-10.06,,,17.8,46.59,516.45,5650.32,370978.91,171.96,936.19,0.43,0.03,865.8588071825568
117,G12,G12-3.0,Little Dal,3,284.2,3.67,-9.41,,,13.7,67.5,1202.62,19345.33,350472.84,113.69,936.57,0.95,0.09,865.723172295853
118,G12,G12-6.0,Little Dal,6,287.2,4.28,-8.47,,,14.53,117.99,3291.35,62507.91,281617.63,96.78,894.36,1.94,0.37,865.5724668661823
119,G12,G12-8.8,Little Dal,8.8,290.0,3.67,-9.14,,,15.49,57.74,1280.6,18405.58,365372.39,130.49,965.27,0.71,0.08,865.4318084651562
120,G12,G12-13.1,Little Dal,13.1,294.3,3.94,-8.76,,,19.04,154.36,3029.63,47285.18,355143.7,98.39,1051.66,2.5,0.22,865.2157973492947
121,G12,G12-17.3,Little Dal,17.3,298.5,3.97,-8.01,,,21.12,272.96,10056.52,77979.0,296957.54,67.05,957.81,6.49,0.43,865.0048097477555
122,G12,G12-19.0,Little Dal,19,300.2,3.02,-10.85,,,38.43,213.28,9213.35,18348.85,247041.74,93.29,755.08,3.65,0.12,864.9194100042754
123,G12,G12-22.0,Little Dal,22,303.2,3.35,-9.24,,,32.77,220.86,7137.08,20654.21,327005.94,125.24,934.02,2.81,0.1,864.7687045746046
124,G12,G12-24.1,Little Dal,24.1,305.3,3.33,-9.38,,,24.6,148.38,4561.28,15328.81,290163.62,147.45,822.28,1.61,0.09,864.6632107738351
125,G12,G12-26.9,Little Dal,26.9,308.1,3.91,-9.73,,,25.53,161.45,4830.6,13018.54,340635.96,137.76,908.37,1.87,0.06,864.5225523728091
126,G12,G12-30.6,Little Dal,30.6,311.8,3.06,-10.51,,,22.82,281.03,3949.36,4863.6,318069.13,132.78,827.03,3.38,0.03,864.3366823428818
127,G12,G12-32.7,Little Dal,32.7,313.9,3.51,-8.88,,,27.99,194.94,3312.82,4667.61,332654.95,136.96,877.37,2.27,0.02,864.2311885421122
128,G12,G12-37.1,Little Dal,37.1,318.3,4.35,-9.0,,,18.02,124.34,3510.44,6465.6,328175.75,148.1,833.23,1.34,0.03,864.0101539119285
129,G12,G12-40.4,Little Dal,40.4,321.6,3.15,-8.59,,,21.33,172.76,1478.05,4265.66,402960.23,146.75,1013.31,1.88,0.02,863.8443779392906
130,G12,G12-43.9,Little Dal,43.9,325.1,3.15,-8.06,,,18.39,35.66,634.04,4087.76,384088.36,131.03,966.57,0.43,0.02,863.6685549380079
131,G12,G12-47.4,Little Dal,47.4,328.6,4.78,-7.05,0.70748,,17.31,35.87,978.61,4876.59,371541.22,154.05,889.79,0.37,0.02,863.4927319367252
132,G12,G12-51.3,Little Dal,51.3,332.5,5.47,-7.0,,,16.97,19.78,323.75,4658.04,364516.96,200.47,897.15,0.16,0.02,863.2968148781532
133,G12,G12-54.5,Little Dal,54.5,335.7,5.42,-6.91,,,14.48,3.37,150.36,4824.67,368452.14,199.48,1013.6,0.03,0.02,863.1360624198377
134,G12,G12-57.0,Little Dal,57,338.2,4.68,-7.16,,,12.71,27.69,304.8,3086.06,358160.33,124.34,882.61,0.36,0.01,863.0104745617787
135,G12,G12-60.5,Little Dal,60.5,341.7,5.01,-7.36,0.70623,,18.23,5.87,320.33,5009.24,376238.13,236.3,942.7,0.04,0.02,862.834651560496
136,G12,G12-64.1,Little Dal,64.1,345.3,5.14,-7.09,0.7063,,11.63,28.85,289.11,4157.44,326148.92,139.98,818.96,0.33,0.02,862.6538050448911
137,G12,G12-66.9,Little Dal,66.9,348.1,5.1,-7.35,,,15.11,35.83,506.95,8225.4,295119.07,160.69,801.51,0.36,0.05,862.5131466438651
138,G12,G12-70.5,Little Dal,70.5,351.7,5.06,-7.71,,,11.57,21.69,209.57,3310.1,333179.71,141.84,867.31,0.24,0.02,862.3323001282602
139,G12,G12-74.9,Little Dal,74.9,356.1,5.24,-8.01,,,14.24,11.8,239.39,3003.58,380691.59,130.65,1050.39,0.14,0.01,862.1112654980764
140,G12,G12-79.1,Little Dal,79.1,360.3,5.27,-9.58,,,14.28,30.61,266.85,3020.15,368815.0,129.43,911.46,0.38,0.01,861.9002778965372
141,G12,G12-82.1,Little Dal,82.1,363.3,5.13,-7.75,,,16.01,16.04,212.86,5004.32,346669.88,202.92,862.26,0.13,0.02,861.7495724668664
142,G12,G12-85.0,Little Dal,85,366.2,4.97,-8.24,,,17.74,11.33,331.14,3095.36,389642.07,160.57,951.31,0.11,0.01,861.603890551518
143,G12,G12-87.7,Little Dal,87.7,368.9,4.57,-9.09,,,20.81,4.38,201.34,3445.79,437234.58,227.87,1097.86,0.03,0.01,861.4682556648143
144,G12,G12-92.1,Little Dal,92.1,373.3,4.59,-7.91,,,16.82,76.06,1452.78,61086.91,314581.45,104.29,968.72,1.16,0.32,861.2472210346305
145,G12,G12-95.6,Little Dal,95.6,376.8,4.52,-7.73,,,16.06,19.31,312.66,7095.13,354718.03,176.01,938.42,0.17,0.03,861.0713980333478
146,G12,G12-98.0,Little Dal,98,379.2,3.84,-7.78,,,16.82,0.22,140.27,3325.23,393014.43,191.78,1023.21,0.0,0.01,860.9508336896112
147,G12,G12-100.0,Little Dal,100,381.2,4.76,-8.1,0.7056100000000001,,14.51,1.06,236.91,4932.61,362048.37,414.7,911.59,0.0,0.02,860.850363403164
148,G12,G12-102.6,Little Dal,102.6,383.8,5.29,-10.34,,,15.7,2.65,278.64,2764.92,380323.53,239.66,920.25,0.02,0.01,860.7197520307826
149,G12,G12-105.8,Little Dal,105.8,387.0,4.42,-7.91,,,23.46,5.56,303.68,15672.99,340527.6,380.1,926.86,0.02,0.08,860.5589995724671
150,G12,G12-108.8,Little Dal,108.8,390.0,4.2,-7.85,,,16.63,8.66,158.93,4467.64,347104.19,210.05,870.51,0.07,0.02,860.4082941427963
151,G12,G12-112.0,Little Dal,112,393.2,4.39,-8.6,,,28.42,6.88,144.18,3454.88,355634.48,291.42,906.62,0.04,0.02,860.2475416844808
152,G12,G12-116.4,Little Dal,116.4,397.6,4.62,-7.91,,,13.26,34.27,377.57,20710.85,310889.35,151.8,900.04,0.36,0.11,860.026507054297
153,G12,G12-120.2,Little Dal,120.2,401.4,4.67,-7.82,,,15.8,39.04,485.57,31835.95,347396.9,133.06,1011.56,0.47,0.15,859.8356135100473
154,G12,G12-123.3,Little Dal,123.3,404.5,4.93,-7.34,0.70558,,17.7,-2.81,299.81,15100.16,356443.2,360.81,912.15,-0.01,0.07,859.6798845660542
155,G12,G12-127.1,Little Dal,127.1,408.3,5.32,-7.07,,,16.51,4.54,158.92,4560.53,374165.26,215.05,931.28,0.03,0.02,859.4889910218045
156,G12,G12-130.8,Little Dal,130.8,412.0,4.77,-7.37,,,16.45,20.03,462.96,21419.36,366697.17,169.95,951.04,0.19,0.1,859.3031209918772
157,G12,G12-134.0,Little Dal,134,415.2,4.65,-8.27,,,16.07,59.91,627.44,47478.73,332379.75,124.58,916.05,0.77,0.24,859.1423685335617
158,G12,G12-137.5,Little Dal,137.5,418.7,4.76,-7.69,,,12.74,10.94,134.81,2989.53,311666.58,274.72,865.29,0.06,0.02,858.966545532279
159,G12,G12-142.3,Little Dal,142.3,423.5,5.1,-8.04,,,15.42,18.03,198.71,4547.97,331252.13,151.57,816.84,0.19,0.02,858.7254168448057
160,G12,G12-146.0,Little Dal,146,427.2,4.72,-7.72,,,16.17,53.62,651.88,26019.94,348492.79,144.38,1010.56,0.59,0.12,858.5395468148785
161,G12,G12-149.6,Little Dal,149.6,430.8,4.58,-7.4,0.7064,,21.68,57.59,864.56,32736.29,346529.86,105.64,968.15,0.87,0.16,858.3587002992736
162,G12,G12-151.8,Little Dal,151.8,433.0,4.58,-7.51,,,20.07,1.62,181.58,3642.36,382331.08,248.95,960.32,0.01,0.02,858.2481829841817
163,G12,G12-155.3,Little Dal,155.3,436.5,4.34,-7.56,,,13.41,28.74,851.21,15240.64,297868.65,113.36,774.57,0.4,0.08,858.072359982899
164,G12,G12-157.7,Little Dal,157.7,438.9,4.58,-7.49,,,17.99,43.48,804.91,31563.31,352693.44,144.54,962.83,0.48,0.15,857.9517956391624
165,G12,G12-159.5,Little Dal,159.5,440.7,4.47,-7.45,,,18.0,23.42,619.79,17617.32,358226.4,169.4,959.15,0.22,0.08,857.8613723813598
166,G12,G12-162.7,Little Dal,162.7,443.9,4.85,-7.78,,,13.65,4.96,233.11,4766.8,393159.99,217.86,1043.81,0.04,0.02,857.7006199230443
167,G12,G12-165.3,Little Dal,165.3,446.5,4.65,-7.44,,,13.52,22.08,470.88,8729.31,358640.23,178.25,973.49,0.2,0.04,857.5700085506629
168,G12,G12-169.0,Little Dal,169,450.2,4.86,-7.29,,,19.24,15.22,393.17,3874.89,393328.89,164.28,1016.53,0.15,0.02,857.3841385207356
169,G12,G12-172.0,Little Dal,172,453.2,4.18,-7.1,,,13.74,27.49,400.55,6639.4,348254.56,183.95,864.89,0.24,0.03,857.2334330910649
170,G12,G12-174.9,Little Dal,174.9,456.1,4.59,-6.74,,,14.14,47.04,1238.09,22373.38,338062.87,145.14,881.83,0.52,0.11,857.0877511757164
171,G12,G12-177.5,Little Dal,177.5,458.7,4.65,-7.97,,,12.94,21.21,444.21,4914.74,364053.39,220.75,922.47,0.15,0.02,856.957139803335
172,G12,G12-181.6,Little Dal,181.6,462.8,4.88,-7.91,,,16.52,49.36,424.1,6145.57,363333.75,170.86,918.65,0.46,0.03,856.7511757161183
173,G12,G12-183.9,Little Dal,183.9,465.1,5.04,-7.69,,,12.55,34.22,311.78,3453.98,321777.66,162.79,852.25,0.34,0.02,856.635634886704
174,G12,G12-186.8,Little Dal,186.8,468.0,5.0,-6.67,,,15.26,30.17,286.86,4408.26,338483.96,195.62,883.92,0.25,0.02,856.4899529713556
175,G12,G12-188.6,Little Dal,188.6,469.8,5.5,-7.28,,,14.84,39.96,228.88,4074.42,306236.53,162.32,813.51,0.39,0.02,856.3995297135531
176,G12,G12-191.3,Little Dal,191.3,472.5,5.2,-7.84,,,11.74,35.62,613.09,9375.41,347999.94,141.54,893.57,0.4,0.04,856.2638948268493
177,G12,G12-194.5,Little Dal,194.5,475.7,5.33,-8.04,,,12.85,44.79,638.74,17078.45,351943.3,190.06,907.97,0.38,0.08,856.1031423685338
178,G12,G12-197.9,Little Dal,197.9,479.1,5.52,-7.08,,,8.62,47.59,470.7,5326.67,285730.76,123.04,820.8,0.62,0.03,855.9323428815735
179,G12,G12-199.9,Little Dal,199.9,481.1,5.45,-9.22,,,12.95,63.6,513.18,3789.92,343267.5,155.19,489.6,0.65,0.02,855.8318725951264
180,G12,G12-202.8,Little Dal,202.8,484.0,4.9,-6.71,,,14.8,32.83,676.05,4284.67,348242.78,253.31,496.39,0.21,0.02,855.686190679778
181,G12,G12-206.5,Little Dal,206.5,487.7,5.26,-6.35,,,13.17,35.46,364.07,3742.21,328180.47,180.43,522.25,0.31,0.02,855.5003206498507
182,G12,G12-209.6,Little Dal,209.6,490.8,5.74,-8.05,,,11.28,41.68,552.14,8106.79,353052.32,188.83,595.93,0.35,0.04,855.3445917058575
183,G12,G12-212.9,Little Dal,212.9,494.1,5.86,-7.22,,,11.86,23.04,366.34,5092.84,370946.27,343.87,508.95,0.11,0.02,855.1788157332196
184,G12,G12-215.8,Little Dal,215.8,497.0,5.56,-6.35,0.7058800000000001,0.7058800000000001,17.27,37.54,922.15,5299.31,353875.4,411.62,532.04,0.15,0.02,855.0331338178712
185,G12,G12-219.6,Little Dal,219.6,500.8,6.14,-8.2,,,19.5,37.68,315.63,4455.99,381461.34,238.18,510.86,0.25,0.02,854.8422402736215
186,G12,G12-222.6,Little Dal,222.6,503.8,5.34,-6.99,0.7059300000000001,0.705925,18.29,31.64,280.23,8418.59,350797.34,527.7,672.35,0.1,0.04,854.6915348439508
187,G12,G12-225.3,Little Dal,225.3,506.5,5.74,-7.16,,,15.44,21.4,422.01,7457.73,365626.76,218.26,512.15,0.16,0.03,854.555899957247
188,G12,G12-228.5,Little Dal,228.5,509.7,5.42,-7.0,,,19.54,35.23,556.57,17691.57,285500.93,235.31,495.28,0.24,0.1,854.3951474989315
189,G12,G12-238.2,Little Dal,238.2,519.4,5.35,-7.68,,,40.38,20.03,385.54,12824.08,360262.14,223.49,544.68,0.14,0.06,853.9078666096625
190,G12,G12-241.3,Little Dal,241.3,522.5,5.33,-7.93,,,91.51,20.08,473.59,16815.96,375746.51,207.13,546.78,0.15,0.07,853.7521376656694
191,G12,G12-244.5,Little Dal,244.5,525.7,5.23,-7.37,,,24.91,32.99,716.87,38671.38,342738.7,194.21,510.51,0.27,0.19,853.5913852073538
192,G12,G12-247.1,Little Dal,247.1,528.3,5.16,-7.36,,,47.41,54.7,618.44,13692.1,375075.06,243.43,740.37,0.36,0.06,853.4607738349724
193,G12,G12-249.4,Little Dal,249.4,530.6,5.25,-5.12,,,53.86,64.49,1398.24,77936.89,279644.16,97.81,785.63,1.05,0.46,853.3452330055582
194,G12,G12-251.9,Little Dal,251.9,533.1,4.97,-6.37,,,68.09,21.31,348.41,5525.2,375885.38,520.94,903.48,0.07,0.02,853.2196451474991
195,G12,G12-253.6,Little Dal,253.6,534.8,4.48,-6.42,,,42.63,73.37,994.53,17314.64,326498.85,232.7,665.87,0.5,0.09,853.134245404019
196,G12,G12-260.0,Little Dal,260,541.2,4.56,-6.51,,,53.06,60.81,660.83,8767.61,308678.7,170.14,590.51,0.57,0.05,852.8127404873879
197,G12,G12-261.2,Little Dal,261.2,542.4,4.73,-6.4,,,30.89,35.39,308.87,6547.07,359898.94,397.29,735.4,0.14,0.03,852.7524583155197
198,G12,G12-263.7,Little Dal,263.7,544.9,4.75,-6.46,,,51.98,48.72,1141.77,10869.87,374967.24,373.83,1016.0,0.21,0.05,852.6268704574607
199,G12,G12-266.7,Little Dal,266.7,547.9,4.74,-7.52,,,24.37,39.87,441.89,7088.32,363613.85,313.52,600.62,0.2,0.03,852.4761650277899
200,G12,G12-269.6,Little Dal,269.6,550.8,4.66,-7.57,,,89.03,69.6,1002.4,22274.34,365667.0,159.36,698.77,0.7,0.1,852.3304831124415
201,G12,G12-271.8,Little Dal,271.8,553.0,4.74,-7.6,,,68.59,84.27,981.82,25293.69,379644.69,159.25,777.0,0.84,0.11,852.2199657973496
202,G12,G12-274.8,Little Dal,274.8,556.0,5.24,-7.02,,,26.11,62.78,1434.24,70575.61,290402.97,109.19,584.98,0.92,0.4,852.0692603676788
203,G12,G12-277.3,Little Dal,277.3,558.5,5.21,-7.0,,,22.75,20.94,435.84,10919.33,357574.94,419.29,704.36,0.08,0.05,851.9436725096198
204,G12,G12-279.6,Little Dal,279.6,560.8,5.05,-7.35,,,32.97,19.85,324.8,7452.15,391596.58,363.4,723.03,0.09,0.03,851.8281316802055
205,G12,G12-281.8,Little Dal,281.8,563.0,5.11,-6.3,0.70553,0.70553,49.73,13.61,221.55,4861.48,389630.07,395.19,701.34,0.05,0.02,851.7176143651136
206,G12,G12-285.3,Little Dal,285.3,566.5,4.23,-6.36,,,34.96,24.75,420.18,3573.54,375787.47,204.24,646.1,0.19,0.02,851.541791363831
207,G12,G12-287.8,Little Dal,287.8,569.0,4.95,-5.93,,,24.51,23.62,569.82,8018.63,371624.47,388.03,662.57,0.1,0.04,851.4162035057719
208,G12,G12-290.1,Little Dal,290.1,571.3,4.67,-7.52,,,49.64,33.27,333.43,2448.9,392665.81,306.6,749.27,0.17,0.01,851.3006626763577
209,G12,G12-293.1,Little Dal,293.1,574.3,4.78,-6.46,,,29.28,30.62,348.1,7071.11,343827.09,318.73,515.64,0.15,0.03,851.1499572466869
210,G12,G12-296.0,Little Dal,296,577.2,4.89,-8.71,,,34.04,31.3,595.77,3991.73,389633.2,213.57,580.47,0.23,0.02,851.0042753313385
211,G12,G12-298.9,Little Dal,298.9,580.1,4.86,-6.96,,,33.56,41.5,507.27,3909.25,379580.81,222.53,696.57,0.3,0.02,850.8585934159901
212,G12,G12-300.3,Little Dal,300.3,581.5,4.5,-6.11,,,39.83,37.49,446.0,4579.01,346733.33,559.07,587.4,0.11,0.02,850.788264215477
213,G12,G12-303.0,Little Dal,303,584.2,4.53,-6.15,,,,,,,,,,,,850.6526293287733
214,G12,G12-304.3,Little Dal,304.3,585.5,4.28,-8.34,,,21.18,39.2,400.48,4148.8,356693.35,519.24,561.07,0.12,0.02,850.5873236425826
215,G12,G12-311.4,Little Dal,311.4,592.6,4.79,-5.85,,,21.82,43.2,394.32,4329.02,374249.91,681.52,623.95,0.1,0.02,850.2306541256951
216,G12,G12-314.9,Little Dal,314.9,596.1,4.9,-6.18,,,24.22,37.4,951.02,13004.75,292104.44,247.93,428.17,0.24,0.07,850.0548311244124
217,G12,G12-317.7,Little Dal,317.7,598.9,4.9,-6.03,0.7064699999999999,,,,,,,,,,,849.9141727233864
218,G12,G12-321.5,Little Dal,321.5,602.7,4.92,-6.37,,,23.31,28.51,304.67,3323.19,372251.2,748.88,586.64,0.06,0.01,849.7232791791367
219,G12,G12-324.7,Little Dal,324.7,605.9,4.27,-6.31,,,23.64,68.49,1335.93,14924.24,353059.19,223.6,519.65,0.49,0.07,849.5625267208212
220,G12,G12-327.8,Little Dal,327.8,609.0,4.17,-5.65,,,25.09,30.5,444.63,4108.62,370742.59,649.77,577.76,0.07,0.02,849.4067977768281
221,G12,G12-331.6,Little Dal,331.6,612.8,3.87,-5.66,,,28.71,45.86,966.81,5420.97,370707.38,538.98,659.09,0.14,0.02,849.2159042325784
222,G12,G12-333.3,Little Dal,333.3,614.5,4.07,-5.86,0.70577,0.7057680000000001,32.08,35.36,741.22,5971.7,388804.49,691.9,610.27,0.08,0.03,849.1305044890983
223,G12,G12-337.5,Little Dal,337.5,618.7,3.92,-5.73,,,31.24,57.21,1302.79,7457.39,370604.29,280.76,502.01,0.32,0.03,848.9195168875591
224,G12,G12-340.5,Little Dal,340.5,621.7,3.89,-6.29,,,34.32,85.87,2552.49,21441.9,336147.57,166.88,412.22,0.82,0.11,848.7688114578883
225,G12,G12-344.5,Little Dal,344.5,625.7,3.58,-6.13,,,33.53,44.42,1197.43,12836.36,319123.07,205.91,418.65,0.34,0.07,848.5678708849939
226,G12,G12-348.3,Little Dal,348.3,629.5,3.7,-5.78,,,17.6,47.13,1243.33,9705.02,364756.64,281.28,769.18,0.27,0.04,848.3769773407442
227,G12,G12-350.0,Little Dal,350,631.2,3.78,-5.75,,,24.48,60.98,1198.23,11177.91,379670.91,297.17,603.58,0.33,0.05,848.2915775972641
228,G12,G12-354.1,Little Dal,354.1,635.3,3.65,-5.97,0.7058300000000001,0.7058300000000001,25.79,28.96,611.72,4528.46,399205.39,555.87,710.22,0.08,0.02,848.0856135100473
229,G12,G12-356.8,Little Dal,356.8,638.0,3.87,-5.81,,,19.68,28.92,564.0,6303.09,372792.08,403.88,595.26,0.11,0.03,847.9499786233436
230,G12,G12-360.5,Little Dal,360.5,641.7,3.69,-6.05,,,15.31,21.82,668.61,6277.98,335314.39,216.98,538.33,0.16,0.03,847.7641085934163
231,G12,G12-363.5,Little Dal,363.5,644.7,3.92,-5.76,,,42.51,36.44,715.29,12848.95,404230.2,459.31,473.75,0.13,0.05,847.6134031637455
232,G12,G12-365.8,Little Dal,365.8,647.0,3.98,-7.3,,,50.09,36.2,403.59,3126.01,393554.6,248.8,411.89,0.23,0.01,847.4978623343312
233,G12,G12-369.2,Little Dal,369.2,650.4,4.02,-6.42,,,59.88,45.46,1301.98,28243.16,303762.15,194.31,396.9,0.37,0.15,847.3270628473709
234,G12,G12-372.7,Little Dal,372.7,653.9,4.43,-6.32,,,51.83,31.15,491.34,9513.05,348980.91,394.21,720.71,0.13,0.04,847.1512398460883
235,G12,G12-375.8,Little Dal,375.8,657.0,4.33,-6.63,,,17.82,15.68,389.41,2545.34,333801.78,246.85,699.35,0.1,0.01,846.9955109020951
236,G12,G12-377.7,Little Dal,377.7,658.9,4.01,-5.99,0.70613,0.70613,19.72,25.86,599.74,3660.83,304555.63,388.57,552.59,0.11,0.02,846.9000641299702
237,G12,G12-380.1,Little Dal,380.1,661.3,4.49,-6.7,,,20.59,19.28,393.81,7133.93,324671.22,269.08,468.86,0.11,0.04,846.7794997862336
238,G12,G12-382.8,Little Dal,382.8,664.0,4.11,-5.76,,,31.2,56.49,1167.09,39054.18,294337.33,177.7,451.09,0.51,0.22,846.6438648995298
239,G12,G12-385.7,Little Dal,385.7,666.9,4.15,-6.11,,,35.43,40.4,415.6,4717.96,385491.31,301.84,419.59,0.21,0.02,846.4981829841814
240,G12,G12-387.5,Little Dal,387.5,668.7,4.21,-6.59,,,35.24,39.65,369.84,4115.23,385408.42,382.62,475.93,0.17,0.02,846.4077597263789
241,G12,G12-390.2,Little Dal,390.2,671.4,3.13,-6.67,,,,,,,,,,,,846.2721248396751
242,G12,G12-393.5,Little Dal,393.5,674.7,4.42,-6.46,,,17.36,26.77,562.74,16485.49,302356.97,201.7,486.61,0.21,0.09,846.1063488670372
243,G12,G12-396.8,Little Dal,396.8,678.0,4.88,-6.53,,,14.7,49.82,1317.97,74543.85,227427.06,95.29,553.3,0.83,0.54,845.9405728943993
244,G12,G12-399.2,Little Dal,399.2,680.4,4.48,-6.9,,,17.08,63.6,996.25,33038.17,295615.35,160.44,487.16,0.63,0.18,845.8200085506627
245,G12,G12-401.9,Little Dal,401.9,683.1,4.46,-6.64,,,18.78,34.73,1338.55,62316.19,222272.22,78.94,418.26,0.7,0.46,845.6843736639589
246,G12,G12-404.9,Little Dal,404.9,686.1,3.89,-7.35,,,18.07,3.19,219.36,3264.8,334640.19,249.51,451.69,0.02,0.02,845.5336682342881
247,G12,G12-407.2,Little Dal,407.2,688.4,4.25,-7.69,,,18.57,14.07,524.58,7204.07,332879.53,320.26,503.64,0.07,0.04,845.4181274048739
248,G12,G12-411.6,Little Dal,411.6,692.8,3.84,-7.08,,,22.57,-8.09,208.14,4103.53,337286.33,382.8,474.28,-0.03,0.02,845.1970927746901
249,G12,G12-414.8,Little Dal,414.8,696.0,4.54,-6.61,,,19.11,32.67,1128.98,57442.19,261344.0,149.99,506.35,0.35,0.36,845.0363403163745
250,G12,G12-417.6,Little Dal,417.6,698.8,4.48,-7.06,0.7055,0.705495,16.59,-4.91,165.42,3931.0,322945.3,572.52,536.7,-0.01,0.02,844.8956819153485
251,G12,G12-419.9,Little Dal,419.9,701.1,4.14,-6.81,,,18.71,6.91,245.79,5432.16,318842.33,439.37,467.91,0.03,0.03,844.7801410859342
252,G12,G12-422.2,Little Dal,422.2,703.4,3.59,-6.82,,,20.66,3.52,246.56,3233.31,322471.81,294.16,509.45,0.02,0.02,844.66460025652
253,G12,G12-424.9,Little Dal,424.9,706.1,4.1,-6.77,,,23.96,13.47,475.75,9426.87,314465.11,404.51,552.5,0.05,0.05,844.5289653698162
254,G12,G12-427.9,Little Dal,427.9,709.1,3.51,-7.0,,,19.61,32.36,696.89,4536.68,331110.76,159.96,499.28,0.32,0.02,844.3782599401454
255,G12,G12-431.0,Little Dal,431,712.2,2.61,-6.89,,,17.14,65.34,1154.74,2994.43,301660.06,186.64,490.58,0.56,0.02,844.2225309961523
256,G12,G12-435.6,Little Dal,435.6,716.8,3.5,-6.85,,,15.27,33.0,563.12,3311.59,297862.13,383.91,546.79,0.14,0.02,843.9914493373237
257,G12,G12-437.3,Little Dal,437.3,718.5,3.57,-6.53,,,16.67,30.56,1063.35,10530.91,290513.85,237.42,555.66,0.21,0.06,843.9060495938436
258,G12,G12-440.2,Little Dal,440.2,721.4,3.67,-7.01,,,14.03,32.51,821.59,6969.01,272714.14,152.37,522.04,0.34,0.04,843.7603676784952
259,G12,G12-444.1,Little Dal,444.1,725.3,3.87,-7.19,,,16.07,28.07,592.08,2887.54,289685.77,139.62,519.76,0.32,0.02,843.5644506199232
260,G12,G12-447.1,Little Dal,447.1,728.3,3.6,-7.78,,,7.25,22.49,953.03,3873.44,331956.34,140.05,456.65,0.26,0.02,843.4137451902524
261,G12,G12-449.5,Little Dal,449.5,730.7,4.02,-7.03,,,44.69,47.53,532.34,3084.38,339243.09,344.73,389.44,0.22,0.01,843.2931808465157
262,G12,G12-451.8,Little Dal,451.8,733.0,3.68,-7.74,,,48.29,63.68,1884.81,27025.05,292483.19,140.87,432.98,0.72,0.15,843.1776400171015
263,G12,G12-454.3,Little Dal,454.3,735.5,4.03,-7.36,0.70717,,38.55,62.53,1072.19,15149.39,322902.93,147.84,455.63,0.67,0.08,843.0520521590424
264,G12,G12-458.1,Little Dal,458.1,739.3,3.75,-7.47,,,25.76,51.96,1715.42,26533.57,278992.15,152.67,466.43,0.54,0.16,842.8611586147928
265,G12,G12-461.6,Little Dal,461.6,742.8,3.87,-7.88,,,9.97,52.19,797.65,6705.22,309057.72,157.12,588.47,0.53,0.04,842.6853356135101
266,G12,G12-465.0,Little Dal,465,746.2,3.76,-7.95,,,11.47,67.7,1804.42,22745.09,246954.45,114.41,656.77,0.94,0.15,842.5145361265498
267,G12,G12-467.7,Little Dal,467.7,748.9,4.0,-8.49,0.70622,0.706222,8.6,27.89,547.15,3720.74,331651.67,388.81,667.03,0.11,0.02,842.3789012398461
268,G12,G12-469.8,Little Dal,469.8,751.0,4.14,-7.63,,,16.01,127.58,2434.56,82170.16,224179.7,97.98,583.45,2.08,0.6,842.2734074390765
269,G12,G12-472.1,Little Dal,472.1,753.3,4.45,-7.5,,,11.59,110.74,2033.23,76065.3,223366.32,108.15,635.69,1.63,0.56,842.1578666096623
270,G12,G12-476.6,Little Dal,476.6,757.8,4.1,-8.42,,,,,,,,,,,,841.9318084651561
271,G12,G12-479.5,Little Dal,479.5,760.7,4.74,-7.18,,,,,,,,,,,,841.7861265498077
272,G12,G12-482.5,Little Dal,482.5,763.7,4.73,-6.82,,,,,,,,,,,,841.6354211201369
273,G12,G12-484.5,Little Dal,484.5,765.7,4.1,-7.81,,,,,,,,,,,,841.5349508336898
274,G12,G12-486.7,Little Dal,486.7,767.9,4.78,-7.57,,,,,,,,,,,,841.4244335185979
275,G12,G12-490.0,Little Dal,490,771.2,5.12,-6.67,,,,,,,,,,,,841.25865754596
276,G12,G12-493.0,Little Dal,493,774.2,4.93,-6.01,,,,,,,,,,,,841.1079521162892
277,G12,G12-496.0,Little Dal,496,777.2,5.23,-6.25,,,,,,,,,,,,840.9572466866184
278,G12,G12-499.2,Little Dal,499.2,780.4,4.4,-5.11,,,,,,,,,,,,840.7964942283029
279,G12,G12-503.5,Little Dal,503.5,784.7,4.96,-6.53,,,,,,,,,,,,840.5804831124414
280,G12,G12-506.5,Little Dal,506.5,787.7,4.79,-6.08,0.71104,,,,,,,,,,,840.4297776827706
281,G12,G12-510.3,Little Dal,510.3,791.5,4.83,-6.54,,,,,,,,,,,,840.2388841385209
282,G12,G12-513.2,Little Dal,513.2,794.4,4.87,-8.36,,,,,,,,,,,,840.0932022231725
283,G12,G12-516.1,Little Dal,516.1,797.3,4.9,-7.73,,,,,,,,,,,,839.9475203078241
284,G12,G12-518.0,Little Dal,518,799.2,4.47,-7.34,,,,,,,,,,,,839.8520735356992
285,G12,G12-519.8,Little Dal,519.8,801.0,4.64,-9.72,,,,,,,,,,,,839.7616502778967
286,G12,G12-522.5,Little Dal,522.5,803.7,4.81,-7.64,,,,,,,,,,,,839.6260153911929
287,G12,G12-528.1,Little Dal,528.1,809.3,4.98,-6.82,,,,,,,,,,,,839.3446985891408
288,G12,G12-530.0,Little Dal,530,811.2,5.33,-9.68,,,,,,,,,,,,839.2492518170159
289,G12,G12-531.7,Little Dal,531.7,812.9,4.17,-7.53,,,,,,,,,,,,839.1638520735357
290,G12,G12-533.6,Little Dal,533.6,814.8,3.03,-7.2,,,,,,,,,,,,839.0684053014108
291,G12,G12-539.5,Little Dal,539.5,820.7,4.43,-6.0,,,,,,,,,,,,838.7720179563916
292,G12,G12-542.3,Little Dal,542.3,823.5,2.93,-7.3,,,,,,,,,,,,838.6313595553655
293,G12,G12-545.1,Little Dal,545.1,826.3,3.74,-7.21,0.70709,,,,,,,,,,,838.4907011543395
294,G12,G12-547.5,Little Dal,547.5,828.7,4.32,-7.51,,,,,,,,,,,,838.3701368106028
295,G12,G12-549.2,Little Dal,549.2,830.4,4.11,-7.24,,,,,,,,,,,,838.2847370671227
296,G12,G12-552.6,Little Dal,552.6,833.8,3.97,-7.31,,,,,,,,,,,,838.1139375801624
297,G12,G12-554.6,Little Dal,554.6,835.8,4.16,-8.59,,,,,,,,,,,,838.0134672937153
298,G12,G12-556.9,Little Dal,556.9,838.1,4.11,-7.47,,,,,,,,,,,,837.897926464301
299,G12,G12-559.7,Little Dal,559.7,840.9,4.3,-7.31,,,,,,,,,,,,837.757268063275
300,G12,G12-563.0,Little Dal,563,844.2,4.38,-8.19,,,,,,,,,,,,837.5914920906371
301,G12,G12-566.3,Little Dal,566.3,847.5,4.46,-8.69,,,,,,,,,,,,837.4257161179992
302,G12,G12-570.2,Little Dal,570.2,851.4,4.15,-8.96,,,,,,,,,,,,837.2297990594271
303,G12,G12-572.6,Little Dal,572.6,853.8,3.88,-9.27,,,,,,,,,,,,837.1092347156905
304,G12,G12-587.0,Little Dal,587,868.2,4.2,-10.51,,,,,,,,,,,,836.3858486532706
305,G12,G12-589.0,Little Dal,589,870.2,2.47,-7.83,,,,,,,,,,,,836.2853783668235
306,G12,G12-592.5,Little Dal,592.5,873.7,4.46,-6.23,,,,,,,,,,,,836.1095553655408
307,G12,G12-596.8,Little Dal,596.8,878.0,4.7,-6.37,,,,,,,,,,,,835.8935442496793
308,G12,G12-599.4,Little Dal,599.4,880.6,5.04,-8.41,,,,,,,,,,,,835.7629328772979
309,G12,G12-605.0,Little Dal,605,886.2,4.58,-6.14,0.70991,,,,,,,,,,,835.4816160752457
310,G12,G12-610.9,Little Dal,610.9,892.1,5.13,-5.67,,,,,,,,,,,,835.1852287302265
311,G12,G12-635.5,Little Dal,635.5,916.7,3.51,-7.02,,,,,,,,,,,,833.9494442069259
312,G12,G12-638.8,Little Dal,638.8,920.0,1.86,-9.44,,,,,,,,,,,,833.783668234288
313,G12,G12-660.0,Little Dal,660,941.2,4.89,-9.72,,,,,,,,,,,,832.7186831979477
314,G12,G12-664.3,Little Dal,664.3,945.5,5.88,-8.08,,,,,,,,,,,,832.5026720820862
315,G12,G12-666.6,Little Dal,666.6,947.8,5.6,-8.58,,,,,,,,,,,,832.3871312526719
316,G12,G12-669.1,Little Dal,669.1,950.3,5.43,-9.49,,,,,,,,,,,,832.2615433946129
317,G12,G12-671.2,Little Dal,671.2,952.4,5.65,-8.18,,,,,,,,,,,,832.1560495938434
318,G12,G12-674.4,Little Dal,674.4,955.6,5.42,-8.13,,,,,,,,,,,,831.9952971355278
319,G12,G12-676.1,Little Dal,676.1,957.3,5.21,-9.33,,,,,,,,,,,,831.9098973920477
320,G12,G12-681.2,Little Dal,681.2,962.4,4.7,-8.09,,,,,,,,,,,,831.6536981616073
321,G12,G12-684.0,Little Dal,684,965.2,5.06,-7.17,,,,,,,,,,,,831.5130397605813
322,G12,G12-693.0,Little Dal,693,974.2,4.86,-5.66,,,,,,,,,,,,831.0609234715688
323,G12,G12-697.0,Little Dal,697,978.2,4.91,-5.82,,,,,,,,,,,,830.8599828986744
324,G12,G12-704.4,Little Dal,704.4,985.6,5.03,-11.51,,,,,,,,,,,,830.4882428388197
325,G12,G12-710.0,Little Dal,710,991.2,4.85,-12.23,,,,,,,,,,,,830.2069260367675
326,G12,G12-727.0,Little Dal,727,1008.2,3.5,-11.46,,,,,,,,,,,,829.3529286019664
327,G12,G12-741.0,Little Dal,741,1022.2,2.85,-7.25,,,,,,,,,,,,828.649636596836
328,G12,G12-853.7,Little Dal,853.7,1134.9,2.93,-4.94,,,,,,,,,,,,822.9881359555363
329,G12,G12-857.1,Little Dal,857.1,1138.3,0.79,-4.37,,,,,,,,,,,,822.8173364685761
330,G12,G12-858.6,Little Dal,858.6,1139.8,-0.08,-5.32,,,,,,,,,,,,822.7419837537407
331,G12,G12-877.0,Little Dal,877,1158.2,1.35,-9.82,,,,,,,,,,,,821.8176571184264
332,G12,G12-957.5,Little Dal,957.5,1238.7,2.38,-7.77,,,,,,,,,,,,817.7737280889266
333,G12,G12-970.0,Little Dal,970,1251.2,4.9,-7.1,,,,,,,,,,,,817.1457887986317
334,G12,G12-972.5,Little Dal,972.5,1253.7,5.14,-7.18,,,,,,,,,,,,817.0202009405726
335,G12,G12-974.5,Little Dal,974.5,1255.7,5.53,-6.52,0.71119,,,,,,,,,,,816.9197306541255
336,G12,G12-977.1,Little Dal,977.1,1258.3,5.35,-6.72,,,,,,,,,,,,816.7891192817441
337,G12,G12-979.5,Little Dal,979.5,1260.7,4.85,-6.55,,,,,,,,,,,,816.6685549380074
338,G12,G12-982.7,Little Dal,982.7,1263.9,4.02,-3.88,,,,,,,,,,,,816.5078024796919
339,G12,G12-993.0,Little Dal,993,1274.2,5.22,-5.33,,,,,,,,,,,,815.9903805044888
340,G12,G12-996.2,Little Dal,996.2,1277.4,7.65,-5.43,,,,,,,,,,,,815.8296280461733
341,G12,G12-998.5,Little Dal,998.5,1279.7,7.2,-4.96,,,,,,,,,,,,815.714087216759
342,G12,G12-1000.8,Little Dal,1000.8,1282.0,8.16,-5.72,,,,,,,,,,,,815.5985463873448
343,G12,G12-1003.6,Little Dal,1003.6,1284.8,7.28,-6.22,0.70922,,24.07,135.41,2653.74,137219.62,249358.61,49.21,617.14,4.39,0.91,815.4578879863187
344,G12,G12-1007.0,Little Dal,1007,1288.2,7.08,-5.68,,,,,,,,,,,,815.2870884993584
345,G12,G12-1012.8,Little Dal,1012.8,1294.0,6.12,-6.59,,,,,,,,,,,,814.9957246686615
346,G12,G12-1015.8,Little Dal,1015.8,1297.0,5.78,-6.37,,,,,,,,,,,,814.8450192389907
347,G12,G12-1018.6,Little Dal,1018.6,1299.8,5.71,-6.24,,,,,,,,,,,,814.7043608379647
348,G12,G12-1022.5,Little Dal,1022.5,1303.7,5.23,-6.58,,,,,,,,,,,,814.5084437793927
349,G12,G12-1027.0,Little Dal,1027,1308.2,4.77,-6.54,,,,,,,,,,,,814.2823856348865
350,G12,G12-1031.8,Little Dal,1031.8,1313.0,4.59,-6.49,,,,,,,,,,,,814.0412569474132
351,G12,G12-1036.0,Little Dal,1036,1317.2,4.76,-6.74,,,,,,,,,,,,813.8302693458741
352,G12,G12-1041.0,Little Dal,1041,1322.2,4.36,-6.46,,,,,,,,,,,,813.579093629756
353,G12,G12-1045.0,Little Dal,1045,1326.2,4.05,-6.72,,,,,,,,,,,,813.3781530568616
354,G12,G12-1048.3,Little Dal,1048.3,1329.5,3.89,-6.25,,,,,,,,,,,,813.2123770842237
355,G12,G12-1053.0,Little Dal,1053,1334.2,4.24,-6.62,,,,,,,,,,,,812.9762719110728
356,G12,G12-1056.5,Little Dal,1056.5,1337.7,4.09,-6.39,,,,,,,,,,,,812.8004489097901
357,G12,G12-1060.7,Little Dal,1060.7,1341.9,5.23,-6.38,,,,,,,,,,,,812.589461308251
358,G12,G12-1062.9,Little Dal,1062.9,1344.1,5.6,-6.69,,,,,,,,,,,,812.4789439931591
359,G12,G12-1066.2,Little Dal,1066.2,1347.4,5.68,-6.36,,,,,,,,,,,,812.3131680205212
360,G12,G12-1068.4,Little Dal,1068.4,1349.6,5.88,-5.97,,,,,,,,,,,,812.2026507054293
361,G12,G12-1071.7,Little Dal,1071.7,1352.9,5.62,-5.69,0.70803,,26.18,64.26,2081.85,135807.96,251142.35,61.24,753.84,1.67,0.89,812.0368747327914
362,G12,G12-1080.6,Little Dal,1080.6,1361.8,7.37,-5.15,,,,,,,,,,,,811.5897819581013
363,G12,G12-1084.4,Little Dal,1084.4,1365.6,7.11,-5.67,,,,,,,,,,,,811.3988884138516
364,G12,G12-1088.3,Little Dal,1088.3,1369.5,6.92,-5.62,,,,,,,,,,,,811.2029713552796
365,G12,G12-1090.3,Little Dal,1090.3,1371.5,6.05,-4.56,,,,,,,,,,,,811.1025010688325
366,G12,G12-1093.0,Little Dal,1093,1374.2,7.42,-4.48,,,,,,,,,,,,810.9668661821287
367,G12,G12-1097.4,Little Dal,1097.4,1378.6,6.48,-5.82,,,,,,,,,,,,810.7458315519449
368,G12,G12-1102.6,Little Dal,1102.6,1383.8,6.51,-4.76,,,,,,,,,,,,810.4846088071822
369,G12,G12-1106.9,Little Dal,1106.9,1388.1,6.7,-5.83,,,,,,,,,,,,810.2685976913207
370,G12,G12-1110.4,Little Dal,1110.4,1391.6,6.21,-4.78,,,,,,,,,,,,810.092774690038
371,G12,G12-1122.2,Little Dal,1122.2,1403.4,4.72,-3.7,,,,,,,,,,,,809.5
372,G12,G12-1127.6,Little Dal,1127.6,1408.8,-0.36,-5.12,,,,,,,,,,,,809.0170468187275
373,G12,G12-1131.5,Little Dal,1131.5,1412.7,-0.85,-6.84,,,,,,,,,,,,808.6682472989196
374,G12,G12-1134.0,Little Dal,1134,1415.2,-0.3,-6.32,,,,,,,,,,,,808.4446578631453
375,G12,G12-1141.0,Little Dal,1141,1422.2,-0.45,-7.29,,,,,,,,,,,,807.8186074429772
376,G12,G12-1145.3,Little Dal,1145.3,1426.5,-1.07,-6.87,,,,,,,,,,,,807.4340336134453
377,G12,G12-1149.1,Little Dal,1149.1,1430.3,-1.6,-7.1,,,,,,,,,,,,807.0941776710683
378,G12,G12-1152.6,Little Dal,1152.6,1433.8,-2.18,-6.05,,,,,,,,,,,,806.7811524609843
379,G12,G12-1158.0,Little Dal,1158,1439.2,-2.1,-5.98,,,,,,,,,,,,806.2981992797119
380,G12,G12-1161.8,Little Dal,1161.8,1443.0,-2.22,-5.42,,,,,,,,,,,,805.9583433373349
381,G12,G12-1165.0,Little Dal,1165,1446.2,-1.77,-5.81,,,,,,,,,,,,805.6721488595438
382,G12,G12-1169.1,Little Dal,1169.1,1450.3,-2.3,-5.69,,,,,,,,,,,,805.3054621848739
383,G12,G12-1171.6,Little Dal,1171.6,1452.8,-2.14,-5.45,,,,,,,,,,,,805.0818727490996
384,G12,G12-1176.0,Little Dal,1176,1457.2,-2.6,-5.58,,,,,,,,,,,,804.6883553421368
385,G12,G12-1179.6,Little Dal,1179.6,1460.8,-1.49,-5.47,0.7085199999999999,,24.18,45.96,1728.26,137567.75,246716.94,36.9,542.51,1.99,0.92,804.3663865546218
386,G12,G12-1185.3,Little Dal,1185.3,1466.5,-1.54,-5.57,,,,,,,,,,,,803.8566026410564
387,G12,G12-1188.2,Little Dal,1188.2,1469.4,-1.77,-5.47,,,,,,,,,,,,803.5972388955581
388,G12,G12-1193.0,Little Dal,1193,1474.2,-2.21,-5.95,,,,,,,,,,,,803.1679471788715
389,G12,G12-1196.5,Little Dal,1196.5,1477.7,-1.95,-5.64,,,,,,,,,,,,802.8549219687875
390,G12,G12-1201.0,Little Dal,1201,1482.2,-2.0,-5.69,,,,,,,,,,,,802.4524609843937
391,G12,G12-1203.0,Little Dal,1203,1484.2,-2.12,-5.72,,,,,,,,,,,,802.2735894357743
392,G12,G12-1206.0,Little Dal,1206,1487.2,-1.72,-5.28,,,,,,,,,,,,802.0052821128451
393,G12,G12-1209.4,Little Dal,1209.4,1490.6,-2.15,-5.4,,,,,,,,,,,,801.701200480192
394,G12,G12-1211.7,Little Dal,1211.7,1492.9,-1.99,-5.13,,,,,,,,,,,,801.4954981992796
395,G12,G12-1216.0,Little Dal,1216,1497.2,-2.09,-5.04,,,,,,,,,,,,801.1109243697477
396,G12,G12-1222.0,Little Dal,1222,1503.2,-1.97,-4.41,,,,,,,,,,,,800.5743097238894
397,G12,G12-1224.9,Little Dal,1224.9,1506.1,-1.53,-4.72,,,,,,,,,,,,800.3149459783913
398,G12,G12-1227.6,Little Dal,1227.6,1508.8,-1.34,-4.58,,,,,,,,,,,,800.073469387755
399,G12,G12-1231.0,Little Dal,1231,1512.2,-1.55,-4.39,,,,,,,,,,,,799.769387755102
400,G12,G12-1233.7,Little Dal,1233.7,1514.9,-1.0,-3.94,,,,,,,,,,,,799.5279111644658
401,G12,G12-1236.7,Little Dal,1236.7,1517.9,0.32,-4.66,,,,,,,,,,,,799.2596038415365
402,G12,G12-1239.6,Little Dal,1239.6,1520.8,-1.35,-4.76,,,,,,,,,,,,799.0002400960384
403,G12,G12-1242.0,Little Dal,1242,1523.2,-0.52,-4.14,,,,,,,,,,,,798.785594237695
404,G12,G12-1248.0,Little Dal,1248,1529.2,-1.12,-3.18,,,,,,,,,,,,798.2489795918367
405,G12,G12-1250.0,Little Dal,1250,1531.2,-1.35,-4.21,,,,,,,,,,,,798.0701080432173
406,G12,G12-1253.7,Little Dal,1253.7,1534.9,-0.86,-4.37,,,,,,,,,,,,797.7391956782712
407,G12,G12-1256.6,Little Dal,1256.6,1537.8,-0.89,-4.29,,,,,,,,,,,,797.4798319327731
408,G12,G12-1260.2,Little Dal,1260.2,1541.4,-0.65,-4.46,,,,,,,,,,,,797.157863145258
409,G12,G12-1266.0,Little Dal,1266,1547.2,-1.28,-4.33,,,,,,,,,,,,796.6391356542616
410,G12,G12-1269.2,Little Dal,1269.2,1550.4,-1.04,-4.45,,,,,,,,,,,,796.3529411764705
411,G12,G12-1273.5,Little Dal,1273.5,1554.7,-1.12,-4.64,,,,,,,,,,,,795.9683673469386
412,G12,G12-1276.4,Little Dal,1276.4,1557.6,-0.97,-4.53,0.70925,,20.91,106.73,3079.47,129075.88,223112.45,56.77,496.68,3.0,0.95,795.7090036014405
413,G12,G12-1280.6,Little Dal,1280.6,1561.8,-1.27,-4.55,,,,,,,,,,,,795.3333733493397
414,G12,G12-1283.8,Little Dal,1283.8,1565.0,-0.59,-4.27,,,,,,,,,,,,795.0471788715486
415,G12,G12-1288.8,Little Dal,1288.8,1570.0,0.59,-4.44,,,,,,,,,,,,794.6
416,G12,G12-1291.5,Little Dal,1291.5,1572.7,1.03,-3.93,,,,,,,,,,,,794.5194256756757
417,G12,G12-1294.3,Little Dal,1294.3,1575.5,0.05,-3.78,,,,,,,,,,,,794.4358671171171
418,G12,G12-1298.2,Little Dal,1298.2,1579.4,1.31,-3.14,,,,,,,,,,,,794.319481981982
419,G12,G12-1300.8,Little Dal,1300.8,1582.0,0.67,-4.47,,,,,,,,,,,,794.2418918918919
420,G12,G12-1306.0,Little Dal,1306,1587.2,0.58,-4.69,,,,,,,,,,,,794.0867117117117
421,G12,G12-1308.0,Little Dal,1308,1589.2,1.26,-4.55,,,,,,,,,,,,794.027027027027
422,G12,G12-1312.0,Little Dal,1312,1593.2,1.22,-4.19,,,,,,,,,,,,793.9076576576576
423,G12,G12-1314.2,Little Dal,1314.2,1595.4,1.27,-4.23,,,,,,,,,,,,793.8420045045045
424,G12,G12-1317.3,Little Dal,1317.3,1598.5,1.46,-2.94,,,,,,,,,,,,793.7494932432433
425,G12,G12-1320.6,Little Dal,1320.6,1601.8,3.16,-2.82,,,,,,,,,,,,793.6510135135135
426,G12,G12-1324.0,Little Dal,1324,1605.2,3.09,-3.88,,,,,,,,,,,,793.5495495495495
427,G12,G12-1327.6,Little Dal,1327.6,1608.8,5.16,-2.8,,,,,,,,,,,,793.442117117117
428,G12,G12-1330.5,Little Dal,1330.5,1611.7,4.57,-3.46,,,,,,,,,,,,793.3555743243243
429,G12,G12-1333.0,Little Dal,1333,1614.2,2.91,-4.03,,,,,,,,,,,,793.2809684684684
430,G12,G12-1336.0,Little Dal,1336,1617.2,6.17,-4.07,,,,,,,,,,,,793.1914414414414
431,G12,G12-1338.9,Little Dal,1338.9,1620.1,6.2,-3.57,,,,,,,,,,,,793.1048986486486
432,G12,G12-1342.0,Little Dal,1342,1623.2,5.72,-4.53,,,,,,,,,,,,793.0123873873873
433,G12,G12-1343.5,Little Dal,1343.5,1624.7,5.02,-4.21,,,,,,,,,,,,792.9676238738738
434,G12,G12-1345.5,Little Dal,1345.5,1626.7,5.46,-4.41,,,,,,,,,,,,792.907939189189
435,G12,G12-1347.0,Little Dal,1347,1628.2,5.69,-5.24,,,,,,,,,,,,792.8631756756755
436,G12,G12-1350.0,Little Dal,1350,1631.2,5.16,-4.45,,,,,,,,,,,,792.7736486486485
437,G12,G12-1353.5,Little Dal,1353.5,1634.7,2.48,-4.75,,,,,,,,,,,,792.6692004504504
438,G12,G12-1356.4,Little Dal,1356.4,1637.6,5.17,-4.36,0.70882,,23.49,90.67,1774.9,122794.68,222174.09,57.6,471.99,2.51,0.91,792.5826576576576
439,G12,G12-1359.4,Little Dal,1359.4,1640.6,5.1,-4.17,,,,,,,,,,,,792.4931306306306
440,G12,G12-1361.8,Little Dal,1361.8,1643.0,4.83,-3.71,,,,,,,,,,,,792.421509009009
441,G12,G12-1364.0,Little Dal,1364,1645.2,4.59,-1.96,,,,,,,,,,,,792.3558558558559
442,G12,G12-1367.0,Little Dal,1367,1648.2,3.75,-4.32,,,,,,,,,,,,792.2663288288289
443,G12,G12-1370.5,Little Dal,1370.5,1651.7,3.97,-4.46,,,,,,,,,,,,792.1618806306308
444,G12,G12-1373.0,Little Dal,1373,1654.2,3.63,-4.96,,,,,,,,,,,,792.0872747747749
445,G12,G12-1378.8,Little Dal,1378.8,1660.0,3.74,-4.99,,,,,,,,,,,,791.9141891891893
446,G12,G12-1382.0,Little Dal,1382,1663.2,3.7,-4.62,,,,,,,,,,,,791.8186936936938
447,G12,G12-1388.5,Little Dal,1388.5,1669.7,2.45,-4.14,,,,,,,,,,,,791.6247184684686
448,G12,G12-1394.0,Little Dal,1394,1675.2,4.23,-7.82,,,,,,,,,,,,791.4605855855857
449,G12,G12-1398.0,Little Dal,1398,1679.2,2.1,-4.58,,,,,,,,,,,,791.3412162162164
450,G12,G12-1401.2,Little Dal,1401.2,1682.4,-0.29,-4.8,,,,,,,,,,,,791.2457207207209
451,G12,G12-1420.0,Little Dal,1420,1701.2,5.16,-7.86,,,,,,,,,,,,790.6846846846848
452,G12,G12-1425.0,Little Dal,1425,1706.2,3.13,-5.95,,,,,,,,,,,,790.5354729729731
453,G12,G12-1429.0,Little Dal,1429,1710.2,0.59,-3.25,,,,,,,,,,,,790.4161036036038
454,G12,G12-1434.5,Little Dal,1434.5,1715.7,2.89,-2.91,,,,,,,,,,,,790.2519707207209
455,G12,G12-1439.0,Little Dal,1439,1720.2,1.76,-6.27,,,,,,,,,,,,790.1176801801804
456,G12,G12-1444.6,Little Dal,1444.6,1725.8,-1.32,-3.2,,,,,,,,,,,,789.9505630630633
457,G12,G12-1446.5,Little Dal,1446.5,1727.7,2.65,0.17,,,,,,,,,,,,789.8938626126129
458,G12,G12-1446.5a,Little Dal,1446.5a,1727.7,2.53,-6.63,,,,,,,,,,,,789.8938626126129
459,G12,G12-1447.5,Little Dal,1447.5,1728.7,1.65,-5.05,,,,,,,,,,,,789.8640202702705
460,G12,G12-1451.4,Little Dal,1451.4,1732.6,1.97,-6.73,,,,,,,,,,,,789.7476351351354
461,G12,G12-1453.8,Little Dal,1453.8,1735.0,2.17,-3.52,,,,,,,,,,,,789.6760135135138
462,G12,G12-1455.0,Little Dal,1455,1736.2,4.04,5.25,,,,,,,,,,,,789.6402027027029
463,G12,G12-1457.5,Little Dal,1457.5,1738.7,3.48,0.42,,,,,,,,,,,,789.565596846847
464,G12,G12-1459.0,Little Dal,1459,1740.2,4.22,-4.08,,,,,,,,,,,,789.5208333333335
465,G12,G12-1463.3,Little Dal,1463.3,1744.5,2.95,-2.94,,,,,,,,,,,,789.3925112612615
466,G12,G12-1465.6,Little Dal,1465.6,1746.8,2.8,-0.83,,,,,,,,,,,,789.323873873874
467,G12,G12-1469.5,Little Dal,1469.5,1750.7,2.82,-0.72,,,,,,,,,,,,789.2074887387389
468,G12,G12-1473.3,Little Dal,1473.3,1754.5,2.06,-5.96,,,,,,,,,,,,789.094087837838
469,G12,G12-1476.4,Little Dal,1476.4,1757.6,1.96,-2.58,,,,,,,,,,,,789.0015765765767
470,G12,G12-1479.6,Little Dal,1479.6,1760.8,3.8,-0.89,,,,,,,,,,,,788.9060810810812
471,G12,G12-1482.5,Little Dal,1482.5,1763.7,4.01,-2.33,,,,,,,,,,,,788.8195382882884
472,G12,G12-1485.5,Little Dal,1485.5,1766.7,0.48,1.3,,,,,,,,,,,,788.7300112612614
473,G12,G12-1488.6,Little Dal,1488.6,1769.8,2.46,-2.98,,,,,,,,,,,,788.6375000000002
474,G12,G12-1492.9,Little Dal,1492.9,1774.1,3.72,-4.34,,,,,,,,,,,,788.5091779279281
475,G12,G12-1495.6,Little Dal,1495.6,1776.8,1.92,-2.37,,,,,,,,,,,,788.4286036036038
476,G12,G12-1499.5,Little Dal,1499.5,1780.7,1.78,-2.65,,,,,,,,,,,,788.3122184684687
477,G12,G12-1502.5,Little Dal,1502.5,1783.7,2.42,-0.98,,,,,,,,,,,,788.2226914414417
478,G12,G12-1508.0,Little Dal,1508,1789.2,0.76,-2.42,,,,,,,,,,,,788.0585585585588
479,G12,G12-1510.1,Little Dal,1510.1,1791.3,2.26,-2.06,,,,,,,,,,,,787.9958896396399
480,G12,G12-1513.2,Little Dal,1513.2,1794.4,2.76,-4.27,,,,,,,,,,,,787.9033783783786
481,G12,G12-1517.8,Little Dal,1517.8,1799.0,4.2,-5.44,,,,,,,,,,,,787.7661036036038
482,G12,G12-1521.5,Little Dal,1521.5,1802.7,4.24,-5.36,,,,,,,,,,,,787.6556869369372
483,G12,G12-1523.5,Little Dal,1523.5,1804.7,2.26,-3.02,,,,,,,,,,,,787.5960022522524
484,G12,G12-1529.8,Little Dal,1529.8,1811.0,2.42,0.27,,,,,,,,,,,,787.4079954954957
485,G12,G12-1531.4,Little Dal,1531.4,1812.6,1.89,-4.36,,,,,,,,,,,,787.360247747748
486,G12,G12-1536.8,Little Dal,1536.8,1818.0,3.44,3.89,,,,,,,,,,,,787.1990990990993
487,G12,G12-1542.0,Little Dal,1542,1823.2,3.3,4.45,,,,,,,,,,,,787.0439189189191
488,G12,G12-1545.0,Little Dal,1545,1826.2,0.47,-3.5,,,,,,,,,,,,786.9543918918921
489,G12,G12-1548.8,Little Dal,1548.8,1830.0,0.48,-0.65,,,,,,,,,,,,786.8409909909911
490,G12,G12-1552.7,Little Dal,1552.7,1833.9,2.12,-5.34,,,,,,,,,,,,786.724605855856
491,G12,G12-1555.7,Little Dal,1555.7,1836.9,2.15,-0.85,,,,,,,,,,,,786.635078828829
492,G12,G12-1558.7,Little Dal,1558.7,1839.9,1.71,0.29,,,,,,,,,,,,786.545551801802
493,G12,G12-1561.4,Little Dal,1561.4,1842.6,3.16,-5.76,,,,,,,,,,,,786.4649774774778
494,G12,G12-1561.8,Little Dal,1561.8,1843.0,1.28,-1.0,,,,,,,,,,,,786.4530405405408
495,G12,G12-1563.0,Little Dal,1563,1844.2,1.82,-2.17,,,,,,,,,,,,786.4172297297299
496,G12,G12-1564.2b,Little Dal,1564.2b,1845.4,1.43,-4.85,,,,,,,,,,,,786.381418918919
497,G12,G12-1564.2a,Little Dal,1564.2a,1845.4,1.58,-6.09,,,,,,,,,,,,786.381418918919
498,G12,G12-1566.3,Little Dal,1566.3,1847.5,1.94,-5.47,,,,,,,,,,,,786.3187500000001
499,G12,G12-1568.0,Little Dal,1568,1849.2,1.52,3.52,,,,,,,,,,,,786.2680180180181
500,G12,G12-1571.2,Little Dal,1571.2,1852.4,1.22,-1.87,,,,,,,,,,,,786.1725225225226
501,G12,G12-1575.5,Little Dal,1575.5,1856.7,2.09,-2.45,,,,,,,,,,,,786.0442004504506
502,G12,G12-1579.4,Little Dal,1579.4,1860.6,3.25,-2.62,,,,,,,,,,,,785.9278153153155
503,G12,G12-1584.7,Little Dal,1584.7,1865.9,3.74,-1.09,,,,,,,,,,,,785.7696509009011
504,G12,G12-1589.4,Little Dal,1589.4,1870.6,4.08,-0.98,,,,,,,,,,,,785.629391891892
505,G12,G12-1592.9,Little Dal,1592.9,1874.1,2.5,2.03,,,,,,,,,,,,785.5249436936939
506,G12,G12-1595.5,Little Dal,1595.5,1876.7,3.35,-2.86,,,,,,,,,,,,785.4473536036038
507,G12,G12-1598.7,Little Dal,1598.7,1879.9,3.91,1.14,,,,,,,,,,,,785.3518581081083
508,G12,G12-1602.0,Little Dal,1602,1883.2,2.37,3.65,,,,,,,,,,,,785.2533783783786
509,G12,G12-1606.1,Little Dal,1606.1,1887.3,3.36,2.52,,,,,,,,,,,,785.1310247747749
510,G12,G12-1609.5,Little Dal,1609.5,1890.7,3.23,1.02,,,,,,,,,,,,785.029560810811
511,G12,G12-1613.8,Little Dal,1613.8,1895.0,1.61,0.79,,,,,,,,,,,,784.9012387387389
512,G12,G12-1617.5,Little Dal,1617.5,1898.7,-0.51,1.0,,,,,,,,,,,,784.7908220720723
513,G12,G12-1620.7,Little Dal,1620.7,1901.9,0.28,2.15,,,,,,,,,,,,784.6953265765768
514,G12,G12-1623.6,Little Dal,1623.6,1904.8,1.59,-6.67,,,,,,,,,,,,784.608783783784
515,G12,G12-1630.7,Little Dal,1630.7,1911.9,1.13,-6.7,,,,,,,,,,,,784.3969031531534
516,G12,G12-1635.2,Little Dal,1635.2,1916.4,1.12,-7.21,,,,,,,,,,,,784.2626126126129
517,G12,G12-1637.0,Little Dal,1637,1918.2,0.59,-5.04,,,,,,,,,,,,784.2088963963967
518,G12,G12-1640.3,Little Dal,1640.3,1921.5,1.76,-4.82,,,,,,,,,,,,784.1104166666669
519,G12,G12-1644.0,Little Dal,1644,1925.2,1.68,-6.73,,,,,,,,,,,,784
