section,strat_height,d13C,d18O,strat_m,note
T6,34.7,6.21,-16.18,-465.3,
T6,35.7,6,-15.3,-464.3,
T6,37.2,6.06,-14.19,-462.8,
T6,38,5.97,-15.94,-462,
T6,41,6.16,-14.69,-459,
T6,42.1,5.44,-16.26,-457.9,
T1,479.9,-3.55,-10.22,-0.5,mtx
T1,480.4,-1.91,-10.09,0,mtx
T1,480.8,-0.86,-7.09,0.4,mtx
T1,483.2,,,2.8,mtx
T1,486.1,-2.66,-12.48,5.7,mtx
T1,491.9,-2.05,-10.98,11.5,mtx
T1,492.3,-2.1,-10.64,11.9,mtx
T1,494.3,-2.24,-10.25,13.9,mtx
T1,497.7,-2.31,-9.83,17.3,mtx
T1,500.6,-2.3,-9.66,20.2,mtx
T1,506.2,,,25.8,mtx
T1,506.5,,,26.1,mtx
T1,506.8,,,26.4,mtx
T1,507.3,,,26.9,mtx
T1,507.9,,,27.5,mtx
T1,508.5,-2.24,-8.78,28.1,mtx
T1,509,,,28.6,mtx
T1,513.4,,,33,mtx
T1,513.7,,,33.3,mtx
T1,514.1,-2.04,-8.37,33.7,mtx
T1,514.2,,,33.8,mtx
T1,516.5,-2.04,-7.92,36.1,mtx
T1,519.2,-2.32,-8.23,38.8,mtx
T1,519.5,,,39.1,mtx
T1,520.8,,,40.4,mtx
T1,522.9,,,42.5,mtx
T1,526.9,-2.92,-7.65,46.5,mtx
T1,528.3,-2.72,-8.08,47.9,mtx
T1,528.8,,,48.4,mtx
T1,530,,,49.6,mtx
T1,531.6,,,51.2,mtx
T1,532.2,,,51.8,mtx
T1,535.5,,,55.1,mtx
T1,536.1,-2.49,-7.74,55.7,mtx
T1,540.6,-2.12,-8.04,60.2,mtx
T1,543.3,-2.12,-7.42,62.9,mtx
T1,545.8,-1.98,-8.26,65.4,mtx
T1,546.1,-2.18,-7.86,65.7,mtx
T1,548.8,,,68.4,mtx
T1,548.9,,,68.5,mtx
T1,549.1,,,68.7,mtx
T1,552.3,-1.91,-8.38,71.9,mtx
T1,552.6,-2.18,-8.76,72.2,mtx
T1,556.2,-2.06,-8.88,75.8,mtx
T1,558.8,,,78.4,mtx
T1,558.9,,,78.5,mtx
T1,559,,,78.6,mtx
T1,559.1,,,78.7,mtx
T1,559.15,,,78.8,mtx
T1,559.25,,,78.9,mtx
T1,562.7,-2.26,-9.83,82.3,mtx
T1,565.9,-2.17,-9.24,85.5,mtx
T1,568.8,-2.36,-10.09,88.4,mtx
T1,569.1,-2.23,-9.02,88.7,mtx
T1,571,,,90.6,mtx
T1,573.1,-1.91,-9.13,92.7,mtx
T1,576,-2,-11.28,95.6,mtx
T1,578.4,-2.18,-10.75,98,mtx
T1,580,,,99.6,mtx
T1,580.1,,,99.7,mtx
T1,580.12,,,99.7,mtx
T1,580.3,,,99.9,mtx
T1,580.4,,,100,mtx
T1,580.55,,,100.2,mtx
T1,584.9,,,104.5,mtx
T1,585.7,,,105.3,mtx
T1,585.8,,,105.4,mtx
T1,588.2,-2.25,-11.36,107.8,mtx
T1,593.5,-2.52,-11.33,113.1,mtx
T1,593.7,-2.38,-10.51,113.3,mtx
T1,597.5,-2.23,-11.18,117.1,mtx
T1,600.4,,,120,mtx
T1,601.4,,,121,mtx
T1,601.6,,,121.2,mtx
T1,605.1,-2.51,-8.44,124.7,mtx
T1,606.9,-2.34,-9.36,126.5,mtx
T1,607.8,-2.52,-9.32,127.4,mtx
T1,609.3,,,128.9,mtx
T1,609.4,,,129,mtx
T1,610.6,,,130.2,mtx
T1,610.8,,,130.4,mtx
T1,614.6,-1.9,-7.91,134.2,mtx
T1,616.4,,,136,mtx
T1,617,-1.87,-8.48,136.6,mtx
T1,617,-2.03,-8.27,136.6,mts
T1,617.4,,,137,mtx
T1,618.9,-2.1,-10.22,138.5,mtx
T1,622.8,-1.9,-11.71,142.4,mtx
T1,623.2,-2.04,-10.98,142.8,mtx
T1,627.6,-1.89,-10.71,147.2,mtx
T1,632.2,-1.87,-10.66,151.8,mtx
T1,636.6,-1.92,-10.42,156.2,mtx
T1,638.4,-2.19,-11.89,158,mtx
T1,639,,,158.6,mtx
T1,639.1,,,158.7,mtx
T1,639.25,,,158.9,mtx
T1,639.3,,,158.9,mtx
T1,639.6,,,159.2,mtx
T1,639.75,,,159.4,mtx
T1,643.4,-1.79,-13.33,163,mtx
T1,645.8,,,165.4,mtx
T1,645.85,,,165.5,mtx
T1,645.9,,,165.5,mtx
T1,646.2,,,165.8,mtx
T1,646.25,,,165.9,mtx
T1,646.45,,,166.1,mtx
T1,646.6,-2.13,-16.37,166.2,mtx
T1,647,-2.09,-15.51,166.6,mtx
T1,649.2,-2.02,-11.95,168.8,mtx
T1,649.3,-2.02,-12.37,168.9,mtx
T1,650.1,-1.73,-7.94,169.7,mtx
T1,650.8,-1.7,-7.8,170.4,mtx
T1,651.4,-2.87,-7.81,171,mtx
T1,654.8,-1.45,-4.68,174.4,mtx
T1,657.9,-1.36,-4.09,177.5,mtx
T1,660.7,-1.75,-5.21,180.3,mtx
T1,662.6,-1.34,-5.42,182.2,mtx
T1,666.3,-1.59,-5.36,185.9,mtx
T1,670.2,-0.93,-6.47,189.8,mtx
T1,672.8,-0.57,-4.59,192.4,mtx
T1,676.1,-0.52,-5.25,195.7,mtx
T1,680.3,-0.63,-4.97,199.9,mtx
T1,683.6,-0.49,-5.09,203.2,mtx
T1,689.3,-1.7,-6.63,208.9,mtx
T1,694.1,-2.62,-5.87,213.7,mtx
T1,698.2,-1.53,-7.14,217.8,mtx
T1,703.2,-1.61,-10.98,222.8,mtx
T1,706.3,-1.98,-16.28,225.9,mtx
T1,709.2,-1.97,-8.06,228.8,mtx
T1,709.3,-1.64,-9.37,228.9,mtx
T1,710.6,,,230.2,mtx
T1,710.65,,,230.3,mtx
T1,711,,,230.6,mtx
T1,711.3,-0.87,-8.47,230.9,mtx
T1,713.1,-0.94,-7.47,232.7,mtx
T1,713.2,,,232.8,mtx
T1,713.8,,,233.4,mtx
T1,714.1,-1.33,-15.4,233.7,mtx
T1,714.1,,,233.7,mtx
T1,714.4,,,234,mtx
T1,714.6,,,234.2,mtx
T1,714.8,,,234.4,mtx
T1,715,-1.18,-7.65,234.6,mtx
T1,715.3,,,234.9,mtx
T1,715.35,,,235,mtx
T1,715.75,,,235.4,mtx
T1,718.3,,,237.9,mtx
T1,719,,,238.6,mtx
T1,719.2,,,238.8,mtx
T1,721.5,-0.74,-12.12,241.1,mtx
T1,721.5,,,241.1,mtx
T1,722.6,,,242.2,mtx
T1,724.6,,,244.2,mtx
T1,726.55,,,246.2,mtx
T1,726.7,,,246.3,mtx
T1,727.1,,,246.7,mtx
T1,727.9,-0.91,-8.48,247.5,mtx
T1,729.2,,,248.8,mtx
T1,732.1,-1.16,-11.38,251.7,mtx
T1,732.5,,,252.1,mtx
T1,732.7,,,252.3,mtx
T1,733.2,,,252.8,mtx
T1,734.4,,,254,mtx
T1,734.5,,,254.1,mtx
T1,734.6,-1.4,-12.86,254.2,mtx
T1,735.95,,,255.6,mtx
T1,736.1,,,255.7,mtx
T1,736.2,,,255.8,mtx
T1,736.25,,,255.9,mtx
T1,736.5,,,256.1,mtx
T1,736.6,,,256.2,mtx
T1,736.65,,,256.3,mtx
T1,944.3,,,463.9,mtx
T1,946.7,0.21,-15.5,466.3,mtx
T1,949.2,-0.23,-16.27,468.8,mtx
T1,951.8,0.87,-14.76,471.4,mtx
T1,952,0.95,-15.96,471.6,mtx
T1,952.3,-0.97,-15.92,471.9,mtx
T1,952.4,0.88,-15.46,472,mtx
T1,957.7,1.31,-15.23,477.3,mtx
T1,965,1.96,-15.66,484.6,mtx
T1,965.6,2.16,-15.2,485.2,mtx
T1,966.6,2.24,-15.31,486.2,mtx
T1,966.7,2.36,-14.49,486.3,mtx
T1,967.2,1.96,-13.93,486.8,mtx
T1,968.1,2.55,-15.3,487.7,mtx
T1,969.4,2.74,-14.56,489,mtx
T1,970,2.28,-14.54,489.6,mtx
T1,976.5,1.73,-14.34,496.1,mtx
T1,977.4,2.57,-13.54,497,mtx
T1,978,2.23,-14.26,497.6,mtx
T1,978.3,2.77,-13.76,497.9,mtx
T1,978.6,1.98,-13.1,498.2,mtx
T1,980.2,2.14,-13.54,499.8,mtx
T1,980.6,2.51,-14.25,500.2,mtx
T1,982.6,2.47,-13.66,502.2,mtx
T1,983.3,2.45,-12.89,502.9,mtx
T1,984.1,1.83,-13.63,503.7,mtx
T1,992.7,2.01,-13.62,512.3,mtx
T3,1,2.95,-10.52,651,mtx
T1,1135.8,3.3,-12.87,655.4,mtx
T1,1137,3.37,-11.93,656.6,mtx
T3,8.7,4.16,-10.46,658.7,mtx
T1,1139.2,2.77,-12.32,658.8,mtx
T3,17.3,0.94,-7.32,667.3,mtx
T1,1151.2,3.39,-11.83,670.8,mtx
T3,39.4,1.63,-10.19,689.4,mtx
T3,46,1.34,-7.8,696,mtx
T1,1176.6,5.76,-11.34,696.2,mtx
T3,48.9,1.93,-11.03,698.9,mtx
T3,54.7,3.54,-10.74,704.7,mtx
T3,57.3,3.37,-8.87,707.3,mtx
T3,60.7,4.96,-11.81,710.7,mtx
T3,64.3,3.54,-8.61,714.3,mtx
T3,65.6,4.52,-9.22,715.6,mtx
T3,68.2,4.47,-9.78,718.2,mtx
T3,69.7,4.89,-9.47,719.7,mtx
T1,1202,,,721.6,
T3,72.8,5.51,-10.58,722.8,mtx
T3,74.7,6.05,-10.76,724.7,mtx
T3,77,5.37,-9.95,727,mtx
T3,79.4,5.91,-9.28,729.4,mtx
T3,81.3,6.09,-9.95,731.3,mtx
T3,83.3,5.95,-9.68,733.3,mtx
T3,84.5,6.35,-10.06,734.5,mtx
T1,1222.7,-0.3,-10.48,742.3,mtx
T3,94,5.47,-9.36,744,mtx
T3,96.7,4.86,-8.04,746.7,mtx
T1,1227.5,4.74,-10.27,747.1,mtx
T3,98.5,5.2,-8.12,748.5,mtx
T1,1231.5,5.61,-12.1,751.1,mtx
T3,102,5.19,-8.93,752,mtx
T1,1233.3,5.85,-12.58,752.9,mtx
T3,103.5,5.89,-8.69,753.5,mtx
T1,1235,6,-11.7,754.6,mtx
T3,105.4,5.85,-9.26,755.4,mtx
T1,1236.5,5.92,-11.29,756.1,mtx
T3,108,6.01,-9.15,758,mtx
T3,109.1,6.35,-8.94,759.1,mtx
T1,1240.8,6.13,-12.32,760.4,mtx
T3,110.9,6.15,-9.08,760.9,mtx
T3,113.3,5.68,-8.83,763.3,mtx
T1,1243.9,5.72,-10.97,763.5,mtx
T3,114.9,6.09,-8.8,764.9,mtx
T1,1246.7,4.81,-9.86,766.3,mtx
T3,116.7,5.86,-8.84,766.7,mtx
T3,118.4,6.02,-8.27,768.4,mtx
T3,121.2,6.06,-8.48,771.2,mtx
T3,123.2,5.88,-7.63,773.2,mtx
T3,125.6,5.84,-8.82,775.6,mtx
T3,127.1,5.78,-8.61,777.1,mtx
T3,129.9,5.55,-8.58,779.9,mtx
T3,131.1,6.18,-8.51,781.1,mtx
T3,134.1,5.71,-8.17,784.1,mtx
T3,137.3,5.64,-8.67,787.3,mtx
T3,138.3,5.64,-7.98,788.3,mtx
T3,139.9,4.69,-8.37,789.9,mtx
T3,142.5,4.53,-7.85,792.5,mtx
T3,144.7,5.14,-8.09,794.7,mtx
T3,146.2,5.25,-8.32,796.2,mtx
T3,148.6,5.4,-8.3,798.6,mtx
T3,150.8,5.05,-8.01,800.8,mtx
T3,154.4,4.75,-7.7,804.4,mtx
T3,157.7,5.06,-8.54,807.7,mtx
T3,164,4.85,-7.51,814,mtx
T3,166.4,4.8,-8.06,816.4,mtx
T3,168.4,4.08,-7.07,818.4,mtx
T3,170.6,2.79,-5.74,820.6,mtx
T3,173,5.11,-8.35,823,mtx
T3,176.6,5.25,-7.38,826.6,mtx
T3,178.3,4.75,-7.3,828.3,mtx
T3,180.2,4.49,-7.44,830.2,mtx
T3,182.5,5.26,-7.93,832.5,mtx
T3,185,4.8,-7.88,835,mtx
T3,187,5.4,-7.86,837,mtx
T3,188.8,4.53,-7.77,838.8,mtx
T3,191.2,4.54,-8.13,841.2,mtx
T3,193.8,5.74,-7.19,843.8,mtx
T3,195.1,,,845.1,mtx
T3,198.2,4.85,-7.74,848.2,mtx
T3,199.6,5.18,-8.38,849.6,mtx
T3,201.5,5.9,-7.86,851.5,mtx
T3,203.5,5.57,-8.69,853.5,mtx
T3,207.3,5.4,-7.94,857.3,mtx
T3,209.9,3.46,-6.73,859.9,mtx
T3,212.4,5.37,-8.22,862.4,mtx
T3,214.6,4.99,-7.76,864.6,mtx
T3,216.4,5.5,-7.85,866.4,mtx
T3,218.4,5.66,-7.91,868.4,mtx
T3,220.3,5.64,-8.19,870.3,mtx
T3,222.4,4.81,-7.94,872.4,mtx
T3,223.7,5.37,-8.12,873.7,mtx
T3,225.9,4.67,-8.28,875.9,mtx
T3,227.6,5.56,-8.78,877.6,mtx
T3,229.9,5.53,-8.58,879.9,mtx
T3,231.5,4.25,-7.36,881.5,mtx
T3,237.5,4.68,-8.52,887.5,mtx
T3,239.1,5.34,-8.65,889.1,mtx
T3,240.6,4.09,-6.59,890.6,mtx
T7,2.4,5.72,-12.75,892.4,
T3,246.3,4.9,-8.98,896.3,mtx
T3,248.3,5.21,-8.39,898.3,mtx
T7,13.1,4.9,-10.28,903.1,
T3,254.5,3.59,-6.86,904.5,mtx
T3,258.8,4.59,-8.38,908.8,mtx
T7,21.3,4.85,-8.85,911.3,
T3,262.9,4.55,-8.91,912.9,mtx
T3,264.5,5.02,-8.99,914.5,mtx
T3,266.8,4.28,-7.87,916.8,mtx
T3,268.3,4.89,-8.59,918.3,mtx
T3,270.7,4.07,-8.13,920.7,mtx
T7,32.1,5.35,-8.98,922.1,
T3,277.5,5.08,-8.92,927.5,mtx
T3,280.1,4.88,-9.13,930.1,mtx
T7,40.5,5.82,-8.91,930.5,
T3,281.3,5.33,-8.88,931.3,mtx
T7,42.5,5.5,-9.59,932.5,
T3,288.7,5.6,-8.8,938.7,mtx
T7,50,5.07,-9.15,940,
T3,290.1,5.39,-8.54,940.1,mtx
T3,299.7,5.52,-9.47,949.7,mtx
T7,63.8,5.4,-10.82,953.8,
T3,304.7,5.15,-8.98,954.7,mtx
T3,308.4,4.68,-9,958.4,mtx
T3,313.6,4.84,-9.09,963.6,mtx
T7,74.2,5.56,-10.01,964.2,
T7,74.5,5.6,-9.5,964.5,mtx
T7,74.5,,,964.5,mts
T3,316.2,4.05,-8.23,966.2,mtx
T3,318.7,4.47,-8.05,968.7,mtx
T3,321.9,4.79,-8.98,971.9,mtx
T3,322.2,5.52,-8.97,972.2,mtx
T3,322.2,,,972.2,mts
T3,322.9,5.53,-8.6,972.9,mtx
T3,322.9,5.53,-8.6,972.9,mts
T3,323.1,4.64,-8.15,973.1,mtx
T7,84.6,5.03,-9.24,974.6,
T3,326.6,4.75,-9.08,976.6,mtx
T3,327.2,4.22,-8.17,977.2,mtx
T3,330.1,3.94,-7.86,980.1,mtx
T7,90.7,4.916,-8.612,980.7,
T7,90.7,5.214,-8.714,980.7,mts
T3,332.9,5.32,-8.88,982.9,mtx
T7,93.6,5.03,-7.97,983.6,
T3,334.5,5.24,-8.85,984.5,mtx
T3,336.3,5.13,-9.62,986.3,mtx
T3,337.2,5.16,-8.8,987.2,mtx
T3,337.2,5.16,-8.8,987.2,mts
T3,337.7,5.44,-9.9,987.7,mtx
T3,341,5.56,-8.96,991,mtx
T3,343.1,5.53,-8.95,993.1,mtx
T7,103.4,4.92,-8.55,993.4,
T3,344.9,5.76,-8.48,994.9,mtx
T3,344.9,5.76,-8.48,994.9,mts
T3,345,5.45,-8.97,995,mtx
T3,348.9,5.68,-8.67,998.9,mtx
T3,350.3,5.48,-8.92,1000.3,mtx
T3,351.6,5.33,-8.88,1001.6,mtx
T3,358.5,5.36,-8.24,1008.5,mtx
T7,119.3,5.36,-10.49,1009.3,
T7,119.8,5.642,-9.614,1009.8,
T3,362.8,5.15,-7.78,1012.8,mtx
T3,362.8,5.38,-8.55,1012.8,mtx
T3,362.8,5.15,-7.78,1012.8,mts
T3,363.2,,,1013.2,mtx
T3,363.6,1.57,-5.46,1013.6,mtx
T3,364.7,4.46,-6.86,1014.7,mtx
T7,124.9,5.64,-9.39,1014.9,mtx
T7,124.9,,,1014.9,mts
T3,365,,,1015,mtx
T3,368.1,5.08,-8.03,1018.1,mtx
T7,128.2,5.99,-9.9,1018.2,
T3,371.1,5.08,-8.07,1021.1,mtx
T3,373.1,5.45,-7.81,1023.1,mtx
T3,374.4,5.18,-8.58,1024.4,mtx
T3,377.3,5.03,-7.85,1027.3,mtx
T7,139.7,5.66,-9.51,1029.7,
T3,380.1,5.04,-8.19,1030.1,mtx
T7,141.4,5.588,-8.813,1031.4,
T3,382.5,4.81,-8.06,1032.5,mtx
T3,383.1,5.83,-7.28,1033.1,mtx
T3,384,4.75,-7.32,1034,mtx
T3,384,4.75,-7.32,1034,mts
T3,385.4,5.07,-7.96,1035.4,mtx
T3,388,5.02,-8.35,1038,mtx
T3,389.5,5.27,-8.24,1039.5,mtx
T3,391.1,5.1,-9.02,1041.1,mtx
T7,152.6,5.74,-8.57,1042.6,
T3,393.9,5.32,-7.91,1043.9,mtx
T3,395.1,5.53,-7.58,1045.1,mtx
T3,397.6,5.6,-8.44,1047.6,mtx
T3,400.8,5.38,-8.43,1050.8,mtx
T7,161.3,5.53,-10.99,1051.3,
T3,403.8,5.47,-8.71,1053.8,mtx
T3,405.5,5.02,-8.63,1055.5,mtx
T3,408.4,5.25,-7.79,1058.4,mtx
T3,410.2,5.38,-8.71,1060.2,mtx
T3,411.7,5.45,-7.76,1061.7,mtx
T7,174,5.47,-8.37,1064,
T3,414.7,5.5,-8.82,1064.7,mtx
T3,417.1,5.29,-8.58,1067.1,mtx
T3,418.7,5.34,-8.56,1068.7,mtx
T7,180.6,4.407,-7.386,1070.6,mts
T7,180.6,5.744,-7.491,1070.6,
T3,421.9,5.26,-7.89,1071.9,mtx
T7,184.4,5.45,-8.53,1074.4,
T3,424.5,,,1074.5,mtx
T3,425.7,5.86,-5.79,1075.7,mtx
T3,425.7,,,1075.7,mts
T3,426.7,5.49,-7.83,1076.7,mtx
T3,429.1,5.02,-7.95,1079.1,mtx
T3,432.6,5.84,-7.81,1082.6,mtx
T3,433.1,5.32,-4.89,1083.1,mtx
T3,433.1,5.32,-4.89,1083.1,mts
T3,434.2,5.42,-7.74,1084.2,mtx
T7,195.1,5.105,-8.513,1085.1,
T7,196.8,5.58,-9.43,1086.8,
T3,437.3,5.65,-7.14,1087.3,mtx
T3,440.8,5.76,-6.74,1090.8,mtx
T3,443.6,5.98,-6.21,1093.6,mtx
T3,446.4,5.89,-6.47,1096.4,mtx
T3,449.5,5.59,-7,1099.5,mtx
T7,210.3,5.47,-9.99,1100.3,
T3,450.7,5.51,-7.25,1100.7,mtx
T7,211.3,5.61,-9.39,1101.3,mtx
T7,211.3,,,1101.3,mts
T3,453.3,5.54,-7.62,1103.3,mtx
T3,455,5.61,-8.22,1105,mtx
T3,457.1,5.78,-7.93,1107.1,mtx
T3,458.8,5.89,-8.77,1108.8,mtx
T3,460.8,5.6,-9.02,1110.8,mtx
T3,462.8,5.51,-8.96,1112.8,mtx
T7,225,5.227,-9.039,1115,
T3,466.7,5.47,-8.66,1116.7,mtx
T7,229.7,5.56,-10.32,1119.7,
T3,470,5.78,-8.47,1120,mtx
T3,470.5,4.09,-5.69,1120.5,mtx
T3,470.5,4.09,-5.69,1120.5,mts
T3,471.2,5.15,-7.53,1121.2,mtx
T3,474.9,5.69,-6.33,1124.9,mtx
T3,477.5,5.02,-6.91,1127.5,mtx
T3,478.5,5.61,-7.13,1128.5,mtx
T3,482.2,4.8,-6.76,1132.2,mtx
T3,484.4,5.88,-7.09,1134.4,mtx
T7,245.7,3.481,-7.982,1135.7,mts
T7,245.7,5.83,-8.367,1135.7,
T3,486.2,5.66,-6.37,1136.2,mtx
T7,246.3,5.88,-8.86,1136.3,
T3,489.6,5.57,-6.68,1139.6,mtx
T3,490.3,5.81,-4.85,1140.3,mtx
T3,490.3,5.81,-4.85,1140.3,mts
T3,490.5,5.96,-6.29,1140.5,mtx
T3,493,5.66,-6.67,1143,mtx
T7,253.9,5.62,-8.64,1143.9,
T7,257.7,5.338,-7.868,1147.7,
T3,499.8,5.66,-6.96,1149.8,mtx
T7,259.9,5.64,-7.85,1149.9,
T7,260.3,4.786,-8.625,1150.3,
T7,261.1,4.998,-8.432,1151.1,
T3,503,4.64,-6.65,1153,mtx
T7,264.4,5.511,-9.48,1154.4,
T3,505.4,5.48,-7.53,1155.4,mtx
T7,268,5.77,-9.54,1158,
T7,269.7,5.799,-9.386,1159.7,
T3,510.8,5.61,-7.03,1160.8,mtx
T3,511.8,5.76,-7.58,1161.8,mtx
T7,273.6,5.379,-8.591,1163.6,
T3,515.2,5.98,-7.52,1165.2,mtx
T7,279.6,4.925,-9.199,1169.6,
T3,519.7,5.48,-7.86,1169.7,mtx
T3,521,5.57,-7.34,1171,mtx
T7,281.3,3.87,-9.275,1171.3,
T7,281.3,4.84,-5.336,1171.3,mts
T7,284.6,5.802,-8.339,1174.6,
T3,526.3,5.45,-6.99,1176.3,mtx
T7,287.7,5.697,-7.449,1177.7,
T7,287.7,6.047,-6.378,1177.7,mts
T3,527.8,5.37,-7.26,1177.8,mtx
T7,293.4,5.444,-6.682,1183.4,
T7,293.4,5.709,-7.375,1183.4,mts
T3,536,6.13,-6.56,1186,mtx
T7,298.2,5.461,-7.71,1188.2,
T3,542.3,5.17,-6.54,1192.3,mtx
T7,305.7,4.997,-10.027,1195.7,
T7,308,5.053,-11.434,1198,
T3,549.1,6.08,-6.92,1199.1,mtx
T3,552,11.78,-7.83,1202,mtx
T3,552,,,1202,mts
T7,312.6,5.765,-10.021,1202.6,
T7,316.3,,,1206.3,mts
T7,316.3,5.2,-9.96,1206.3,mtx
T3,557.2,5.68,-7.13,1207.2,mtx
T7,321.7,5.542,-10.044,1211.7,
T3,561.8,5.88,-7.37,1211.8,mtx
T3,563.3,6.23,-6.71,1213.3,mtx
T3,563.3,6.23,-6.71,1213.3,mts
T7,324.1,4.918,-11.013,1214.1,
T7,324.1,5.903,-10.532,1214.1,mts
T3,564.2,5.71,-7.12,1214.2,mtx
T7,328,5.751,-10.757,1218,
T3,569.3,5.59,-7.09,1219.3,mtx
T3,572,5.89,-7.28,1222,mtx
T7,333.4,4.957,-11.105,1223.4,
T3,574.1,5.3,-6.97,1224.1,mtx
T7,338.6,5.149,-10.873,1228.6,
T3,578.8,5.92,-7.53,1228.8,mtx
T3,579.8,5.91,-6.74,1229.8,mtx
T3,580.8,5.69,-8.07,1230.8,mtx
T7,342.3,5.513,-6.557,1232.3,
T3,584.3,5.35,-7.19,1234.3,mtx
T3,589.8,5.86,-6,1239.8,mtx
T3,589.8,5.83,-6.56,1239.8,mtx
T3,589.8,5.86,-6,1239.8,mts
T7,353,5.275,-7.96,1243,
T3,593.9,5.92,-6.66,1243.9,mtx
T7,358,5.195,-7.408,1248,
T3,598.6,5.78,-7.42,1248.6,mtx
T3,602.4,5.62,-6.42,1252.4,mtx
T3,602.5,5.78,-3.95,1252.5,mtx
T3,602.5,,,1252.5,mts
T7,362.6,5.521,-8.946,1252.6,
T7,364.5,5.143,-11.888,1254.5,
T3,605.3,6.02,-6.77,1255.3,mtx
T7,365.9,5.532,-6.972,1255.9,
T7,368.5,5.349,-6.437,1258.5,
T7,372.8,5.156,-9.015,1262.8,
T3,615.6,5.46,-8.12,1265.6,mtx
T3,616.6,5.47,-6.41,1266.6,mtx
T3,618.7,5.34,-7.3,1268.7,mtx
T7,382.8,4.056,-12.341,1272.8,
T7,388.1,5.127,-7.906,1278.1,
T7,397.8,4.961,-5.545,1287.8,
T7,402.5,4.138,-7.65,1292.5,
T3,645.1,5.19,-4.56,1295.1,mtx
T7,413,4.386,-5.634,1303,
T7,418.6,3.939,-6.677,1308.6,
T7,422.8,4.244,-8.432,1312.8,
T7,424,4.005,-6.936,1314,
T7,429,4.652,-9.302,1319,
T7,432,5.041,-7.811,1322,
T7,436.7,4.603,-8.092,1326.7,
T3,677.6,5.66,-6.07,1327.6,mtx
T3,678.4,5.25,-5.47,1328.4,mtx
T3,678.4,5.25,-5.47,1328.4,mts
T3,679.9,5.45,-6.08,1329.9,mtx
T7,440.5,3.684,-7.553,1330.5,
T7,440.5,5.133,-8.856,1330.5,mts
T3,682.2,5.27,-5.27,1332.2,mtx
T3,685.8,4.64,-4.72,1335.8,mtx
T7,449.2,4.843,-7.485,1339.2,
T7,452.6,4.748,-6.41,1342.6,
T7,458.1,5.372,-4.634,1348.1,
T3,702.1,5.08,-6.21,1352.1,mtx
T7,465.2,5.328,-5.867,1355.2,
T7,465.2,5.773,-5.126,1355.2,mts
T7,470,5.126,-4.434,1360,
T3,711.6,5.09,-6.1,1361.6,mtx
T7,472.9,5.432,-3.916,1362.9,
T7,475.4,5.313,-4.556,1365.4,
T3,717.2,4.62,-5.71,1367.2,mtx
T7,478.2,4.471,-4.302,1368.2,
T7,482.1,4.987,-4.655,1372.1,
T3,725.2,5.21,-5.75,1375.2,mtx
T7,488.4,4.5,-4.027,1378.4,mtx
T7,488.4,,,1378.4,mts
T7,488.5,4.75,-4.86,1378.5,
T3,732.2,5.51,-5.82,1382.2,mtx
T7,492.9,4.747,-4.626,1382.9,
T3,736.4,4.99,-5.88,1386.4,mtx
T7,501.8,4.771,-4.75,1391.8,
T3,746.2,5.09,-5.56,1396.2,mtx
T3,753.3,5.23,-5.72,1403.3,mtx
T7,514.8,4.725,-5.585,1404.8,
T3,759,4.98,-6.38,1409,mtx
T7,559.4,4.302,-5.233,1449.4,
T7,582.7,1.042,-3.309,1472.7,
T7,593.8,2.414,-1.889,1483.8,
T7,607.7,1.45,-9.26,1497.7,
T7,608.1,,,1498.1,mtx
T7,608.1,,,1498.1,mts
T7,643.3,0.885,-1.157,1533.3,
T7,684,2.47,-0.746,1574,
T7,710.3,2.155,-2.033,1600.3,
T7,734.4,2.617,-1.65,1624.4,
T7,826.3,1.866,-2.888,1716.3,
T7,863.1,2.815,-11.38,1753.1,
T7,864.5,2.449,-10.723,1754.5,
T7,873.3,3.576,-13.39,1763.3,
T7,878.3,0.015,-12.048,1768.3,
T7,884.4,3.276,-11.291,1774.4,
T7,887.5,3.694,-11.784,1777.5,
T7,894.2,4.006,-12.307,1784.2,
T7,899.5,3.47,-10.492,1789.5,
T22,529.8,2.25,-3.87,2609.8,
T22,531.1,2.06,-3.69,2611.1,
T22,532.5,2.17,-3.71,2612.5,
T22,562.1,2.21,-2.93,2642.1,
T22,563.5,2.47,-3.58,2643.5,
T22,566,3.11,-5.99,2646,
T22,569.1,3.18,-5.79,2649.1,
T22,578.1,4.67,-4.62,2658.1,
T22,580.3,3.2,-3.66,2660.3,
T22,583.1,3.82,-3.17,2663.1,
T22,583.8,3.2,-3.66,2663.8,
T22,591.3,1.97,-3.63,2671.3,
T22,592.5,1.39,-4.06,2672.5,
T22,595.3,1.37,-8.78,2675.3,
T22,595.7,1.46,-7.43,2675.7,
T22,602,1.37,-7.41,2682,
T22,602.7,2.97,-3.36,2682.7,
T22,608.7,1.67,-6.55,2688.7,
T22,609.5,1.69,-6.54,2689.5,
T22,613.5,1.83,-6.57,2693.5,
T22,615.6,2.65,-6.22,2695.6,
T22,618.1,2.34,-4.13,2698.1,
T22,619.3,2.87,-1.04,2699.3,
T22,621.6,2.58,-1.18,2701.6,
T22,622.9,2.73,-1.84,2702.9,
T22,625.1,2.56,-2.55,2705.1,
T22,626.6,2.59,-3.4,2706.6,
T22,643.7,,,2723.7,
T22,653.5,,,2733.5,
T22,656.5,,,2736.5,
T22,669.3,,,2749.3,
T22,672.3,0.44,-4.13,2752.3,
T22,674.8,0.54,-4.46,2754.8,
T22,678.2,1.2,-4.04,2758.2,
T22,682.7,0.51,-4.19,2762.7,
T22,685,1.63,-4.15,2765,
T22,687.5,1.89,-3.86,2767.5,
T22,690.6,,,2770.6,
T22,695.2,0.95,-4.14,2775.2,
T22,700.3,,,2780.3,
T22,702.3,,,2782.3,
T22,709.2,,,2789.2,
T22,710.2,1.88,-3.67,2790.2,
T22,712.4,,,2792.4,
T22,715.5,1.14,-3.93,2795.5,
T22,718.5,1.12,-5.18,2798.5,
T22,721.1,0.73,-5.74,2801.1,
T22,723.2,0.77,-4.24,2803.2,
T22,727.4,,,2807.4,
T22,728.2,,,2808.2,
T22,730.1,1.81,-3.73,2810.1,
T22,732.8,,,2812.8,
T22,735,2.07,-3.23,2815,
T22,737.7,1.25,-3.96,2817.7,
T22,743.6,,,2823.6,
T22,745.6,1.88,-3.28,2825.6,
T22,747.4,,,2827.4,
T22,749.2,,,2829.2,
T22,751.6,,,2831.6,
T22,756.7,2.18,-2.11,2836.7,
T22,757.3,,,2837.3,
T22,760.4,2.24,-4.19,2840.4,
T22,765.6,1.4,-3.11,2845.6,
T22,768.6,1.47,-3.78,2848.6,
T22,770.5,,,2850.5,
T22,773.3,1.27,-2.67,2853.3,
T22,774.3,1.61,-3.41,2854.3,
T22,775.9,1.78,-2.3,2855.9,
T22,777.9,1.79,-2.85,2857.9,
T22,779.2,2.42,-3.33,2859.2,
T22,781.6,2.66,-4.07,2861.6,
T22,783.8,,,2863.8,
T22,786.7,3.02,-4.63,2866.7,
T22,793.8,1.34,-2.58,2873.8,
T22,795.3,1.77,-2.18,2875.3,
T22,798.4,0.98,-4.66,2878.4,
T22,799.6,0.63,-5.07,2879.6,
T22,811.9,-0.08,-5.5,2891.9,
T22,813.8,0.12,-5.1,2893.8,
T22,816.7,-0.44,-4.97,2896.7,
T22,819,-0.76,-5.48,2899,
T22,821.8,0.06,-6.87,2901.8,
T22,822.8,,,2902.8,
T22,824.8,0.46,-4.52,2904.8,
T22,856.9,0.26,-4.98,2936.9,
T22,932.5,,,3012.5,
T22,934.5,0.43,-4.41,3014.5,
T22,936.5,,,3016.5,
T22,939,0.64,-4.04,3019,
T22,953.3,-0.09,-5.91,3033.3,
T22,987.9,3.05,-3.67,3067.9,
T22,999.8,3.17,-2.39,3079.8,
T22,1001.8,,,3081.8,
T22,1002.8,1.67,-4.41,3082.8,
T22,1004.3,0.54,-3.6,3084.3,
T22,1005.2,1.35,-3.78,3085.2,
T22,1007.8,-0.08,-3.96,3087.8,
T22,1010,0.35,-6.12,3090,
T22,1011.4,-2.38,-7.49,3091.4,
T22,1021,-2.39,-5.88,3101,
T22,1063.8,-2.55,-5.83,3143.8,
T22,1072.3,-2.48,-7.02,3152.3,
T22,1084.4,-2.32,-5.36,3164.4,
T22,1087.3,-2.13,-6.84,3167.3,
T22,1088.5,-2.09,-4.27,3168.5,
T22,1089.5,-1.46,-4.93,3169.5,
T22,1090.5,-2.01,-6.56,3170.5,
T22,1096.3,-1.26,-5.77,3176.3,
T22,1097.1,-1.54,-5.3,3177.1,
T22,1101.7,-1.82,-5.89,3181.7,
T22,1102.6,-1.28,-1.45,3182.6,
T22,1103.9,-1.57,-5.14,3183.9,
T22,1106.7,-1.75,-4.24,3186.7,
T22,1108.1,-1.83,-4.36,3188.1,
T22,1109,,,3189,
T22,1112.7,-1.63,-6.21,3192.7,
T22,1115.8,-1.02,-6.54,3195.8,
T22,1119.5,0.34,-4.4,3199.5,
T22,1123.1,0.5,-4.75,3203.1,
T22,1125.8,2.03,-3.58,3205.8,
T22,1129.1,2.33,-3.97,3209.1,
T22,1132.6,1.96,-4.96,3212.6,
T22,1134.8,2.06,-2.71,3214.8,
T22,1137.1,,,3217.1,
T22,1140.7,2.92,-3.89,3220.7,
T22,1142.3,2.86,-4.37,3222.3,
T22,1145.6,1.76,-4.03,3225.6,
T22,1147,2.15,-3.47,3227,
T22,1150.1,,,3230.1,
T22,1155.8,,,3235.8,
T22,1158.9,2.9,-3.57,3238.9,
T22,1159.6,,,3239.6,
T22,1161.7,2.52,-4.2,3241.7,
T22,1176.7,1.38,-3.73,3256.7,
T22,1179.7,,,3259.7,
T22,1182.6,,,3262.6,
T22,1184.2,1.74,-3.05,3264.2,
T22,1185.7,,,3265.7,
T22,1187,,,3267,
T22,1188.1,3.19,-3.55,3268.1,
T22,1189,,,3269,
T22,1193.7,,,3273.7,
T22,1197.8,3.03,-3.03,3277.8,
T22,1200.1,,,3280.1,
T22,1203.5,,,3283.5,
T22,1205.3,2.52,-3.36,3285.3,
T22,1206.7,,,3286.7,
T22,1212.3,,,3292.3,
T22,1214.2,,,3294.2,
T22,1221.3,2.21,-5.39,3301.3,
T22,1227.6,,,3307.6,
T23,0.3,2.47,-4.74,3310.3,
T23,4.3,1.8,-5.94,3314.3,
T23,6.2,1.33,-5.58,3316.2,
T23,9,2.41,-8.51,3319,
T23,12.9,2.19,-6.65,3322.9,
T22,1245,,,3325,
T23,15.8,2.19,-4.11,3325.8,
T22,1246.8,2.87,-3.37,3326.8,
T23,18.8,2.77,-4.35,3328.8,
T22,1251,,,3331,
T22,1253.7,,,3333.7,
T23,25.1,1.58,-4.97,3335.1,
T22,1257.7,2.41,-3.32,3337.7,
T23,30.2,1.27,-4.66,3340.2,
T22,1261.6,,,3341.6,
T23,31.7,1.56,-4.32,3341.7,
T22,1262.8,,,3342.8,
T22,1264.3,,,3344.3,
T23,34.7,1.57,-4.85,3344.7,
T23,37.8,1.74,-4.15,3347.8,
T23,39.7,1.59,-4.22,3349.7,
T23,43.4,2.2,-4.18,3353.4,
T23,44.5,2.04,-3.79,3354.5,
T23,47.3,1.6,-3.57,3357.3,
T23,49.5,2.29,-7.89,3359.5,
T23,51.5,2,-7.15,3361.5,
T23,53.3,1.55,-5.32,3363.3,
T23,54.4,1.81,-5.23,3364.4,
T22,1288.6,2.31,-3.33,3368.6,
T23,60.1,0.55,-2.7,3370.1,
T22,1291.9,,,3371.9,
T23,62.2,1.97,-4.56,3372.2,
T22,1295.3,,,3375.3,
T23,72,2.6,-2.7,3382,
T22,1303.6,2.06,-4.07,3383.6,
T22,1304.7,,,3384.7,
T23,75.5,2,-3.33,3385.5,
T23,77.5,2.86,-3.41,3387.5,
T23,79.7,1.41,-4.03,3389.7,
T23,81.7,2.22,-4.13,3391.7,
T23,82.9,2.6,-10.29,3392.9,
T22,1313.7,,,3393.7,
T22,1315.8,1.91,-2.62,3395.8,
T22,1319.5,,,3399.5,
T22,1320.9,,,3400.9,
T22,1321.5,1.7,-2.26,3401.5,
T22,1324.4,,,3404.4,
T22,1329,,,3409,
T23,99.4,3.28,-5.52,3409.4,
T22,1332.7,2.48,-4.1,3412.7,
T23,105.9,2.25,-6.34,3415.9,
T22,1336.1,,,3416.1,
T22,1338.7,,,3418.7,
T22,1340.3,2.11,-3.8,3420.3,
T22,1342.1,,,3422.1,
T23,112.9,2.64,-4.7,3422.9,
T23,116.7,1.87,-7.27,3426.7,
T22,1348.2,,,3428.2,
T23,119.2,2.58,-8.77,3429.2,
T22,1350.1,2.48,-4.32,3430.1,
T22,1353.1,,,3433.1,
T23,123.4,2.54,-5.2,3433.4,
T22,1354.2,,,3434.2,
T23,125.5,2.89,-5.86,3435.5,
T22,1358.2,2.95,-4.68,3438.2,
T22,1361.1,,,3441.1,
T22,1364.6,,,3444.6,
T22,1365.9,2.61,-3.98,3445.9,
T22,1371.2,,,3451.2,
T23,142.5,2.22,-5.41,3452.5,
T23,144.9,2.74,-5.75,3454.9,
T22,1375,,,3455,
T23,152.2,2.53,-4.72,3462.2,
T22,1382.4,2.73,-9.27,3462.4,
T22,1388.9,,,3468.9,
T23,159.3,1.97,-4.58,3469.3,
T22,1390.3,,,3470.3,
T23,166.4,2.3,-8.6,3476.4,
T22,1397.6,2.52,-3.04,3477.6,
T23,168.7,2.34,-5.34,3478.7,
T22,1401.7,,,3481.7,
T23,171.8,2.66,-7.03,3481.8,
T22,1407.6,,,3487.6,
T22,1409.3,,,3489.3,
T22,1412.8,,,3492.8,
T22,1418,,,3498,
T23,191.5,2.42,-6.49,3501.5,
T22,1421.7,,,3501.7,
T23,194.3,2.15,-9.22,3504.3,
T22,1424.6,,,3504.6,
T22,1425.7,,,3505.7,
T22,1427.9,,,3507.9,
T23,199.5,3.08,-10.56,3509.5,
T22,1429.9,,,3509.9,
T22,1431.2,,,3511.2,
T22,1432.3,,,3512.3,
T23,203,2.88,-10.3,3513,
T22,1434.5,,,3514.5,
T22,1435.9,,,3515.9,
T22,1437.9,,,3517.9,
T23,209.5,3.14,-10.36,3519.5,
T22,1440.4,,,3520.4,
T23,212.1,2.75,-5.22,3522.1,
T23,215.6,3.33,-9.54,3525.6,
T23,220.4,2.8,-10.52,3530.4,
T23,222.2,2.92,-11.11,3532.2,
T23,230.6,2.62,-10.07,3540.6,
T23,233.4,2.44,-10.35,3543.4,
T23,237.3,2.33,-9.23,3547.3,
T23,242.3,2.56,-6.06,3552.3,
T23,244.8,2.3,-6.26,3554.8,
T23,248.6,3.22,-5.66,3558.6,
T23,250.3,3.63,-6.62,3560.3,
T22,1486.3,,,3566.3,
T22,1489,2.73,-5.31,3569,
T22,1497.1,,,3577.1,
T23,268.9,3.39,-5.94,3578.9,
T23,273.2,3.28,-5.7,3583.2,
T23,275.3,2.98,-4.95,3585.3,
T23,280.6,2.55,-5.24,3590.6,
T23,282.9,2.84,-5.31,3592.9,
T22,1514.4,,,3594.4,
T23,286.1,3.26,-6.28,3596.1,
T23,290.9,4.41,-8.93,3600.9,
T23,292,3.94,-8.9,3602,
T23,295.6,3.68,-6.26,3605.6,
T23,297.5,3.99,-8.53,3607.5,
T23,302.4,3.14,-5.64,3612.4,
T23,305.2,2.3,-4.6,3615.2,
T23,307.2,2.37,-5.02,3617.2,
T23,309.4,2.28,-5.33,3619.4,
T23,310.9,1.91,-4.59,3620.9,
T22,1541.4,-0.02,-7.81,3621.4,
T23,313.3,2.23,-5.51,3623.3,
T23,341.6,1.07,-10.32,3651.6,
T23,351.4,1.14,-6.09,3661.4,
T23,354.5,0.09,-5.23,3664.5,
T23,362.3,0.22,-6.9,3672.3,
T23,363.2,-0.89,-7.69,3673.2,
T23,382.4,-1.36,-5.68,3692.4,
T23,390.4,0.74,-5.65,3700.4,
T23,395.2,-0.21,-4.06,3705.2,
T23,398.8,0.93,-3.18,3708.8,
T23,409.4,1.45,-3.59,3719.4,
T23,411.6,0.95,-3.8,3721.6,
T23,412.4,0.78,-4.53,3722.4,
T23,415.3,-0.08,-4.78,3725.3,
T23,422.4,-0.36,-1.36,3732.4,
T23,426.8,0.43,-3.99,3736.8,
T23,436.9,-1.86,-7.7,3746.9,
T23,438.5,-0.68,-8.33,3748.5,
T23,440.8,-0.19,-5.93,3750.8,
T23,442.8,0.31,-5.31,3752.8,
T23,443.2,-1.26,-6.97,3753.2,
T23,454.4,-4.47,-5.41,3764.4,
T23,455.8,-1.81,-2.67,3765.8,
T23,458.4,-1.48,-3.02,3768.4,
T23,461.5,,,3771.5,
T23,482.6,,,3792.6,
T23,490.7,-11.12,-6.35,3800.7,
T23,492,-10.81,-6.3,3802,
T23,493.4,-5.99,-5.18,3803.4,
T23,514.1,5.18,-3.66,3824.1,
T23,516.1,3.7,-4.87,3826.1,
T23,518,3.33,-4.42,3828,
T23,520.5,4.52,-5.04,3830.5,
T23,523.6,5.05,-3.93,3833.6,
T23,526.1,6.22,-2.99,3836.1,
T23,526.4,4.51,-6.87,3836.4,
T23,527.8,6.14,-4.63,3837.8,
T23,530.3,5.31,-4.66,3840.3,
T23,533.4,5.51,-3.87,3843.4,
T23,535.9,5.73,-4.38,3845.9,
T23,539,4.23,-4.15,3849,
T23,542.3,5.16,-2.76,3852.3,
T23,544.2,5.52,-3.61,3854.2,
T23,544.7,5.4,-3.29,3854.7,
T23,546.5,5.85,-3.19,3856.5,
T23,548.3,,,3858.3,
T23,549.7,5.01,-4.85,3859.7,
T23,551.6,6.17,-3.53,3861.6,
T23,554.8,4.43,-3.28,3864.8,
T23,557.5,6.22,-2.83,3867.5,
T23,559.2,5.89,-3.28,3869.2,
T23,561.6,6.03,-3.77,3871.6,
T23,563.6,3.96,-4.43,3873.6,
T23,569.1,6.08,-6.85,3879.1,
T23,572,4.47,-7.01,3882,
T23,574,5.8,-7.37,3884,
T23,576.6,5.43,-3.52,3886.6,
T23,579.1,4.29,-4.05,3889.1,
T23,580.6,5.79,-2.79,3890.6,
T23,583,6.95,-3.88,3893,
T23,584.4,5.53,-5.1,3894.4,
T23,586.4,6.22,-4.35,3896.4,
T23,586.9,5.81,-2.81,3896.9,
T23,589,4.94,-3.07,3899,
T23,592,4.87,-2.88,3902,
T23,593.9,5.45,-3.45,3903.9,
T23,596,4.56,-3.84,3906,
T23,600.1,5.39,-2.15,3910.1,
T23,601.3,4.75,-2.6,3911.3,
T23,603.1,4.78,-3.05,3913.1,
T23,605.2,4.44,-3.83,3915.2,
T23,607.9,6.22,-4.35,3917.9,
T23,609,6.04,-2.83,3919,
T23,611.6,5.03,-2.23,3921.6,
T23,614.9,5.39,-4.52,3924.9,
T23,616.3,4.12,-3.13,3926.3,
T23,616.6,4.1,-4.77,3926.6,
T23,620,5.81,-4.72,3930,
T23,622.9,5.21,-1.95,3932.9,
T23,625.5,5.69,-5.27,3935.5,
T23,626.7,4.71,-2.8,3936.7,
T23,629.4,4.96,-2.48,3939.4,
T23,631.7,5.8,-5.1,3941.7,
T23,634.5,,,3944.5,
T23,635.3,6.08,-3.93,3945.3,
T23,637.4,5.29,-4.61,3947.4,
T23,638.7,6.27,-5.29,3948.7,
T23,641.3,5.49,-2.34,3951.3,
T23,643.4,6.1,-2.61,3953.4,
T23,645.2,5.99,-2.43,3955.2,
T23,647.8,4.48,-3.46,3957.8,
T23,653.4,5.12,-3,3963.4,
T23,656.8,5.11,-2.9,3966.8,
T23,658.8,6.21,-4.89,3968.8,
T23,659.8,5.93,-3.11,3969.8,
T23,660.5,5.36,-2.77,3970.5,
T23,662.4,6.08,-4.76,3972.4,
T23,663.1,6.36,-5.03,3973.1,
T23,667.3,6.52,-4.87,3977.3,
T23,671,6.3,-5.19,3981,
T23,672.5,5.73,-5.27,3982.5,
T23,674.4,5.35,-5.59,3984.4,
T23,677,6.24,-5.17,3987,
T23,679,5.47,-5.51,3989,
T23,682.7,5.67,-6.11,3992.7,
T23,685.5,4.46,-6.36,3995.5,
T23,687.1,2.06,-10.9,3997.1,
T23,688.2,1.61,-10.64,3998.2,
T23,690.4,1.15,-10.55,4000.4,
T23,697.3,1.42,-11.03,4007.3,
T23,698.6,5.78,-6.31,4008.6,
T23,699.2,-1.69,-9.47,4009.2,
T23,709.1,1.78,-6.13,4019.1,
T23,714.3,,,4024.3,
T23,716.8,2.77,-9.89,4026.8,
T23,718.6,,,4028.6,
T23,723,3.81,-10.63,4033,
T23,724.6,4.96,-9.43,4034.6,
T23,728.3,5.19,-10.73,4038.3,
T23,730.9,1.3,-1.49,4040.9,
T23,733.9,2.14,-9.37,4043.9,
T23,735.6,2.82,-10.75,4045.6,
T23,737.2,2.45,-10.24,4047.2,
T23,738.5,2.52,-7.39,4048.5,
T23,745,-0.32,-10.36,4055,
T23,769.8,-1.71,-4.78,4079.8,
T23,774.6,,,4084.6,
T23,779.1,0.12,-3.16,4089.1,
T23,782.4,-0.71,-6.16,4092.4,
T23,784,1.13,-7.09,4094,
T23,784.7,2.07,-8.76,4094.7,
T23,788.7,4.55,-8.87,4098.7,
T23,789.5,6.43,-9.35,4099.5,
T23,795.1,5.87,-9.42,4105.1,
T23,797.9,2.93,-9.26,4107.9,
T23,800.3,3.28,-9.13,4110.3,
T23,803.1,3.13,-9.39,4113.1,
T23,806.8,2.71,-10.12,4116.8,
T23,808.8,1.97,-9.92,4118.8,
T23,812.4,0.7,-10.38,4122.4,
T23,814.4,2.1,-10.1,4124.4,
T23,818.5,0.88,-7.58,4128.5,
T23,820.6,2.25,-4.48,4130.6,
T23,825,2.36,-9.49,4135,
T23,827.4,1.66,-9.46,4137.4,
T23,828.9,1.34,-6.82,4138.9,
T23,832.3,2.39,-10.18,4142.3,
T23,835.9,0.58,-6.32,4145.9,
T23,837.6,1.96,-7.36,4147.6,
T23,845.3,2.28,-11.54,4155.3,
T23,848.7,2.44,-9.45,4158.7,
T23,852.7,1.31,-9.61,4162.7,
T23,856,0.88,-8.62,4166,
T23,861.1,2.33,-10.93,4171.1,
T23,866.3,0.94,-9.28,4176.3,
T30,1.4,1.79,-7.75,4176.4,mtx
T30,4.2,1.19,-7.94,4179.2,
T23,869.5,2.44,-11.12,4179.5,
T23,872.3,0.32,-8.5,4182.3,
T30,9.6,1.99,-8.7,4184.6,
T23,875.3,0.5,-10.05,4185.3,
T30,11.7,2.73,-7.28,4186.7,
T23,879.7,0.41,-9.82,4189.7,
T23,881.8,0.95,-10.29,4191.8,
T30,16.8,1.98,-8.56,4191.8,
T23,885.9,-0.47,-9.44,4195.9,
T30,21.4,2.74,-9.25,4196.4,
T30,25.6,2.35,-9.76,4200.6,
T23,892.9,0.25,-12.53,4202.9,
T30,30.4,0.56,-8.1,4205.4,mtx
T23,914.6,-0.46,-8.83,4224.6,
T23,915.5,-0.07,-10.68,4225.5,
T23,916.6,0.7,-10.08,4226.6,
T23,917.5,1.01,-10.31,4227.5,
T23,919,0.63,-10.4,4229,
T30,55.2,-2.42,-5.94,4230.2,
T30,56.3,-0.65,-3.21,4231.3,
T30,60.3,-2.71,-8.78,4235.3,mtx
T30,60.8,-3.03,-9.99,4235.8,
T30,85.7,-1.31,-10.08,4260.7,
T30,86.7,-0.54,-10.12,4261.7,mtx
T30,87.3,-0.36,-10.22,4262.3,
T30,88,-0.15,-10.12,4263,
T30,88.7,-1.25,-11.76,4263.7,
T30,89.4,-0.56,-12.03,4264.4,
T30,89.9,-2.16,-10.24,4264.9,
T30,99.9,,,4274.9,base of diamict
