,section,strat_height,d13C,d18O,strat_m,note,age
0,T6,34.7,6.21,-16.18,-465.3,,815
1,T6,35.7,6.0,-15.3,-464.3,,814.9847410272943
2,T6,37.2,6.06,-14.19,-462.8,,814.9618525682356
3,T6,38.0,5.97,-15.94,-462.0,,814.9496453900709
4,T6,41.0,6.16,-14.69,-459.0,,814.9038684719536
5,T6,42.1,5.44,-16.26,-457.9,,814.8870836019772
6,T1,479.9,-3.55,-10.22,-0.5,mtx,807.9076294863529
7,T1,480.4,-1.91,-10.09,0.0,mtx,807.9
8,T1,480.8,-0.86,-7.09,0.4,mtx,807.8886363636364
9,T1,483.2,,,2.8,mtx,807.8204545454545
10,T1,486.1,-2.66,-12.48,5.7,mtx,807.7380681818181
11,T1,491.9,-2.05,-10.98,11.5,mtx,807.5732954545454
12,T1,492.3,-2.1,-10.64,11.9,mtx,807.5619318181817
13,T1,494.3,-2.24,-10.25,13.9,mtx,807.5051136363636
14,T1,497.7,-2.31,-9.83,17.3,mtx,807.4085227272727
15,T1,500.6,-2.3,-9.66,20.2,mtx,807.3261363636364
16,T1,506.2,,,25.8,mtx,807.1670454545455
17,T1,506.5,,,26.1,mtx,807.1585227272727
18,T1,506.8,,,26.4,mtx,807.15
19,T1,507.3,,,26.9,mtx,807.1357954545455
20,T1,507.9,,,27.5,mtx,807.11875
21,T1,508.5,-2.24,-8.78,28.1,mtx,807.1017045454545
22,T1,509.0,,,28.6,mtx,807.0875
23,T1,513.4,,,33.0,mtx,806.9625
24,T1,513.7,,,33.3,mtx,806.9539772727272
25,T1,514.1,-2.04,-8.37,33.7,mtx,806.9426136363636
26,T1,514.2,,,33.8,mtx,806.9397727272727
27,T1,516.5,-2.04,-7.92,36.1,mtx,806.8744318181818
28,T1,519.2,-2.32,-8.23,38.8,mtx,806.7977272727273
29,T1,519.5,,,39.1,mtx,806.7892045454546
30,T1,520.8,,,40.4,mtx,806.7522727272727
31,T1,522.9,,,42.5,mtx,806.6926136363636
32,T1,526.9,-2.92,-7.65,46.5,mtx,806.5789772727272
33,T1,528.3,-2.72,-8.08,47.9,mtx,806.5392045454545
34,T1,528.8,,,48.4,mtx,806.525
35,T1,530.0,,,49.6,mtx,806.4909090909091
36,T1,531.6,,,51.2,mtx,806.4454545454546
37,T1,532.2,,,51.8,mtx,806.4284090909091
38,T1,535.5,,,55.1,mtx,806.3346590909091
39,T1,536.1,-2.49,-7.74,55.7,mtx,806.3176136363636
40,T1,540.6,-2.12,-8.04,60.2,mtx,806.1897727272727
41,T1,543.3,-2.12,-7.42,62.9,mtx,806.1130681818182
42,T1,545.8,-1.98,-8.26,65.4,mtx,806.0420454545455
43,T1,546.1,-2.18,-7.86,65.7,mtx,806.0335227272727
44,T1,548.8,,,68.4,mtx,805.9568181818182
45,T1,548.9,,,68.5,mtx,805.9539772727273
46,T1,549.1,,,68.7,mtx,805.9482954545455
47,T1,552.3,-1.91,-8.38,71.9,mtx,805.8573863636364
48,T1,552.6,-2.18,-8.76,72.2,mtx,805.8488636363636
49,T1,556.2,-2.06,-8.88,75.8,mtx,805.7465909090909
50,T1,558.8,,,78.4,mtx,805.6727272727272
51,T1,558.9,,,78.5,mtx,805.6698863636364
52,T1,559.0,,,78.6,mtx,805.6670454545455
53,T1,559.1,,,78.7,mtx,805.6642045454546
54,T1,559.15,,,78.8,mtx,805.6613636363637
55,T1,559.25,,,78.9,mtx,805.6585227272728
56,T1,562.7,-2.26,-9.83,82.3,mtx,805.561931818182
57,T1,565.9,-2.17,-9.24,85.5,mtx,805.4710227272728
58,T1,568.8,-2.36,-10.09,88.4,mtx,805.3886363636365
59,T1,569.1,-2.23,-9.02,88.7,mtx,805.3801136363637
60,T1,571.0,,,90.6,mtx,805.3261363636365
61,T1,573.1,-1.91,-9.13,92.7,mtx,805.2664772727273
62,T1,576.0,-2.0,-11.28,95.6,mtx,805.184090909091
63,T1,578.4,-2.18,-10.75,98.0,mtx,805.1159090909091
64,T1,580.0,,,99.6,mtx,805.0704545454546
65,T1,580.1,,,99.7,mtx,805.0676136363637
66,T1,580.12,,,99.7,mtx,805.0676136363637
67,T1,580.3,,,99.9,mtx,805.0619318181818
68,T1,580.4,,,100.0,mtx,805.059090909091
69,T1,580.55,,,100.2,mtx,805.0534090909091
70,T1,584.9,,,104.5,mtx,804.93125
71,T1,585.7,,,105.3,mtx,804.9085227272727
72,T1,585.8,,,105.4,mtx,804.9056818181818
73,T1,588.2,-2.25,-11.36,107.8,mtx,804.8375
74,T1,593.5,-2.52,-11.33,113.1,mtx,804.6869318181818
75,T1,593.7,-2.38,-10.51,113.3,mtx,804.68125
76,T1,597.5,-2.23,-11.18,117.1,mtx,804.5732954545455
77,T1,600.4,,,120.0,mtx,804.4909090909091
78,T1,601.4,,,121.0,mtx,804.4625
79,T1,601.6,,,121.2,mtx,804.4568181818181
80,T1,605.1,-2.51,-8.44,124.7,mtx,804.3573863636362
81,T1,606.9,-2.34,-9.36,126.5,mtx,804.3062499999999
82,T1,607.8,-2.52,-9.32,127.4,mtx,804.2806818181817
83,T1,609.3,,,128.9,mtx,804.2380681818181
84,T1,609.4,,,129.0,mtx,804.2352272727272
85,T1,610.6,,,130.2,mtx,804.2011363636364
86,T1,610.8,,,130.4,mtx,804.1954545454545
87,T1,614.6,-1.9,-7.91,134.2,mtx,804.0875
88,T1,616.4,,,136.0,mtx,804.0363636363636
89,T1,617.0,-1.87,-8.48,136.6,mtx,804.0193181818181
90,T1,617.0,-2.03,-8.27,136.6,mts,804.0193181818181
91,T1,617.4,,,137.0,mtx,804.0079545454545
92,T1,618.9,-2.1,-10.22,138.5,mtx,803.9653409090909
93,T1,622.8,-1.9,-11.71,142.4,mtx,803.8545454545454
94,T1,623.2,-2.04,-10.98,142.8,mtx,803.8431818181817
95,T1,627.6,-1.89,-10.71,147.2,mtx,803.7181818181817
96,T1,632.2,-1.87,-10.66,151.8,mtx,803.5874999999999
97,T1,636.6,-1.92,-10.42,156.2,mtx,803.4624999999999
98,T1,638.4,-2.19,-11.89,158.0,mtx,803.4113636363635
99,T1,639.0,,,158.6,mtx,803.394318181818
100,T1,639.1,,,158.7,mtx,803.3914772727271
101,T1,639.25,,,158.9,mtx,803.3857954545452
102,T1,639.3,,,158.9,mtx,803.3857954545452
103,T1,639.6,,,159.2,mtx,803.3772727272725
104,T1,639.75,,,159.4,mtx,803.3715909090906
105,T1,643.4,-1.79,-13.33,163.0,mtx,803.2693181818179
106,T1,645.8,,,165.4,mtx,803.201136363636
107,T1,645.85,,,165.5,mtx,803.1982954545451
108,T1,645.9,,,165.5,mtx,803.1982954545451
109,T1,646.2,,,165.8,mtx,803.1897727272724
110,T1,646.25,,,165.9,mtx,803.1869318181815
111,T1,646.45,,,166.1,mtx,803.1812499999996
112,T1,646.6,-2.13,-16.37,166.2,mtx,803.1784090909088
113,T1,647.0,-2.09,-15.51,166.6,mtx,803.1670454545451
114,T1,649.2,-2.02,-11.95,168.8,mtx,803.1045454545451
115,T1,649.3,-2.02,-12.37,168.9,mtx,803.1017045454543
116,T1,650.1,-1.73,-7.94,169.7,mtx,803.078977272727
117,T1,650.8,-1.7,-7.8,170.4,mtx,803.0590909090906
118,T1,651.4,-2.87,-7.81,171.0,mtx,803.0420454545451
119,T1,654.8,-1.45,-4.68,174.4,mtx,802.9454545454543
120,T1,657.9,-1.36,-4.09,177.5,mtx,802.8573863636361
121,T1,660.7,-1.75,-5.21,180.3,mtx,802.7778409090906
122,T1,662.6,-1.34,-5.42,182.2,mtx,802.7238636363634
123,T1,666.3,-1.59,-5.36,185.9,mtx,802.6187499999997
124,T1,670.2,-0.93,-6.47,189.8,mtx,802.5079545454543
125,T1,672.8,-0.57,-4.59,192.4,mtx,802.4340909090906
126,T1,676.1,-0.52,-5.25,195.7,mtx,802.3403409090906
127,T1,680.3,-0.63,-4.97,199.9,mtx,802.2210227272725
128,T1,683.6,-0.49,-5.09,203.2,mtx,802.1272727272725
129,T1,689.3,-1.7,-6.63,208.9,mtx,801.9653409090906
130,T1,694.1,-2.62,-5.87,213.7,mtx,801.828977272727
131,T1,698.2,-1.53,-7.14,217.8,mtx,801.7124999999997
132,T1,703.2,-1.61,-10.98,222.8,mtx,801.5704545454543
133,T1,706.3,-1.98,-16.28,225.9,mtx,801.4823863636361
134,T1,709.2,-1.97,-8.06,228.8,mtx,801.3999999999997
135,T1,709.3,-1.64,-9.37,228.9,mtx,801.3971590909089
136,T1,710.6,,,230.2,mtx,801.360227272727
137,T1,710.65,,,230.3,mtx,801.3573863636361
138,T1,711.0,,,230.6,mtx,801.3488636363634
139,T1,711.3,-0.87,-8.47,230.9,mtx,801.3403409090906
140,T1,713.1,-0.94,-7.47,232.7,mtx,801.2892045454543
141,T1,713.2,,,232.8,mtx,801.2863636363634
142,T1,713.8,,,233.4,mtx,801.2693181818179
143,T1,714.1,-1.33,-15.4,233.7,mtx,801.2607954545451
144,T1,714.1,,,233.7,mtx,801.2607954545451
145,T1,714.4,,,234.0,mtx,801.2522727272724
146,T1,714.6,,,234.2,mtx,801.2465909090905
147,T1,714.8,,,234.4,mtx,801.2409090909086
148,T1,715.0,-1.18,-7.65,234.6,mtx,801.2352272727268
149,T1,715.3,,,234.9,mtx,801.226704545454
150,T1,715.35,,,235.0,mtx,801.2238636363631
151,T1,715.75,,,235.4,mtx,801.2124999999995
152,T1,718.3,,,237.9,mtx,801.1414772727268
153,T1,719.0,,,238.6,mtx,801.1215909090904
154,T1,719.2,,,238.8,mtx,801.1159090909085
155,T1,721.5,-0.74,-12.12,241.1,mtx,801.0505681818177
156,T1,721.5,,,241.1,mtx,801.0505681818177
157,T1,722.6,,,242.2,mtx,801.0193181818177
158,T1,724.6,,,244.2,mtx,800.9624999999995
159,T1,726.55,,,246.2,mtx,800.9056818181814
160,T1,726.7,,,246.3,mtx,800.9028409090905
161,T1,727.1,,,246.7,mtx,800.8914772727269
162,T1,727.9,-0.91,-8.48,247.5,mtx,800.8687499999996
163,T1,729.2,,,248.8,mtx,800.8318181818178
164,T1,732.1,-1.16,-11.38,251.7,mtx,800.7494318181814
165,T1,732.5,,,252.1,mtx,800.7380681818178
166,T1,732.7,,,252.3,mtx,800.7323863636359
167,T1,733.2,,,252.8,mtx,800.7181818181814
168,T1,734.4,,,254.0,mtx,800.6840909090905
169,T1,734.5,,,254.1,mtx,800.6812499999996
170,T1,734.6,-1.4,-12.86,254.2,mtx,800.6784090909088
171,T1,735.95,,,255.6,mtx,800.638636363636
172,T1,736.1,,,255.7,mtx,800.6357954545451
173,T1,736.2,,,255.8,mtx,800.6329545454543
174,T1,736.25,,,255.9,mtx,800.6301136363634
175,T1,736.5,,,256.1,mtx,800.6244318181815
176,T1,736.6,,,256.2,mtx,800.6215909090906
177,T1,736.65,,,256.3,mtx,800.6187499999997
178,T1,944.3,,,463.9,mtx,794.7210227272725
179,T1,946.7,0.21,-15.5,466.3,mtx,794.6528409090906
180,T1,949.2,-0.23,-16.27,468.8,mtx,794.5818181818179
181,T1,951.8,0.87,-14.76,471.4,mtx,794.5079545454543
182,T1,952.0,0.95,-15.96,471.6,mtx,794.5022727272724
183,T1,952.3,-0.97,-15.92,471.9,mtx,794.4937499999996
184,T1,952.4,0.88,-15.46,472.0,mtx,794.4909090909088
185,T1,957.7,1.31,-15.23,477.3,mtx,794.3403409090906
186,T1,965.0,1.96,-15.66,484.6,mtx,794.1329545454543
187,T1,965.6,2.16,-15.2,485.2,mtx,794.1159090909088
188,T1,966.6,2.24,-15.31,486.2,mtx,794.0874999999996
189,T1,966.7,2.36,-14.49,486.3,mtx,794.0846590909088
190,T1,967.2,1.96,-13.93,486.8,mtx,794.0704545454543
191,T1,968.1,2.55,-15.3,487.7,mtx,794.0448863636361
192,T1,969.4,2.74,-14.56,489.0,mtx,794.0079545454543
193,T1,970.0,2.28,-14.54,489.6,mtx,793.9909090909088
194,T1,976.5,1.73,-14.34,496.1,mtx,793.8062499999996
195,T1,977.4,2.57,-13.54,497.0,mtx,793.7806818181815
196,T1,978.0,2.23,-14.26,497.6,mtx,793.763636363636
197,T1,978.3,2.77,-13.76,497.9,mtx,793.7551136363633
198,T1,978.6,1.98,-13.1,498.2,mtx,793.7465909090905
199,T1,980.2,2.14,-13.54,499.8,mtx,793.701136363636
200,T1,980.6,2.51,-14.25,500.2,mtx,793.6897727272724
201,T1,982.6,2.47,-13.66,502.2,mtx,793.6329545454543
202,T1,983.3,2.45,-12.89,502.9,mtx,793.6130681818179
203,T1,984.1,1.83,-13.63,503.7,mtx,793.5903409090906
204,T1,992.7,2.01,-13.62,512.3,mtx,793.3460227272725
205,T3,1.0,2.95,-10.52,651.0,mtx,789.4056818181816
206,T1,1135.8,3.3,-12.87,655.4,mtx,789.2806818181816
207,T1,1137.0,3.37,-11.93,656.6,mtx,789.2465909090907
208,T3,8.7,4.16,-10.46,658.7,mtx,789.1869318181816
209,T1,1139.2,2.77,-12.32,658.8,mtx,789.1840909090907
210,T3,17.3,0.94,-7.32,667.3,mtx,788.9426136363635
211,T1,1151.2,3.39,-11.83,670.8,mtx,788.8431818181816
212,T3,39.4,1.63,-10.19,689.4,mtx,788.3147727272725
213,T3,46.0,1.34,-7.8,696.0,mtx,788.1272727272725
214,T1,1176.6,5.76,-11.34,696.2,mtx,788.1215909090906
215,T3,48.9,1.93,-11.03,698.9,mtx,788.0448863636361
216,T3,54.7,3.54,-10.74,704.7,mtx,787.8801136363634
217,T3,57.3,3.37,-8.87,707.3,mtx,787.8062499999997
218,T3,60.7,4.96,-11.81,710.7,mtx,787.7096590909089
219,T3,64.3,3.54,-8.61,714.3,mtx,787.6073863636361
220,T3,65.6,4.52,-9.22,715.6,mtx,787.5704545454543
221,T3,68.2,4.47,-9.78,718.2,mtx,787.4965909090906
222,T3,69.7,4.89,-9.47,719.7,mtx,787.453977272727
223,T1,1202.0,,,721.6,,787.4
224,T3,72.8,5.51,-10.58,722.8,mtx,787.3795963398014
225,T3,74.7,6.05,-10.76,724.7,mtx,787.347290544487
226,T3,77.0,5.37,-9.95,727.0,mtx,787.3081835291064
227,T3,79.4,5.91,-9.28,729.4,mtx,787.2673762087092
228,T3,81.3,6.09,-9.95,731.3,mtx,787.2350704133947
229,T3,83.3,5.95,-9.68,733.3,mtx,787.2010643130637
230,T3,84.5,6.35,-10.06,734.5,mtx,787.1806606528652
231,T1,1222.7,-0.3,-10.48,742.3,mtx,787.0480368615744
232,T3,94.0,5.47,-9.36,744.0,mtx,787.019131676293
233,T3,96.7,4.86,-8.04,746.7,mtx,786.9732234408461
234,T1,1227.5,4.74,-10.27,747.1,mtx,786.9664222207799
235,T3,98.5,5.2,-8.12,748.5,mtx,786.9426179505482
236,T1,1231.5,5.61,-12.1,751.1,mtx,786.8984100201179
237,T3,102.0,5.19,-8.93,752.0,mtx,786.883107274969
238,T1,1233.3,5.85,-12.58,752.9,mtx,786.8678045298201
239,T3,103.5,5.89,-8.69,753.5,mtx,786.8576026997208
240,T1,1235.0,6.0,-11.7,754.6,mtx,786.8388993445387
241,T3,105.4,5.85,-9.26,755.4,mtx,786.8252969044063
242,T1,1236.5,5.92,-11.29,756.1,mtx,786.8133947692904
243,T3,108.0,6.01,-9.15,758.0,mtx,786.781088973976
244,T3,109.1,6.35,-8.94,759.1,mtx,786.7623856187939
245,T1,1240.8,6.13,-12.32,760.4,mtx,786.7402816535788
246,T3,110.9,6.15,-9.08,760.9,mtx,786.7317801284961
247,T3,113.3,5.68,-8.83,763.3,mtx,786.6909728080989
248,T1,1243.9,5.72,-10.97,763.5,mtx,786.6875721980658
249,T3,114.9,6.09,-8.8,764.9,mtx,786.6637679278341
250,T1,1246.7,4.81,-9.86,766.3,mtx,786.6399636576024
251,T3,116.7,5.86,-8.84,766.7,mtx,786.6331624375362
252,T3,118.4,6.02,-8.27,768.4,mtx,786.6042572522548
253,T3,121.2,6.06,-8.48,771.2,mtx,786.5566487117915
254,T3,123.2,5.88,-7.63,773.2,mtx,786.5226426114605
255,T3,125.6,5.84,-8.82,775.6,mtx,786.4818352910632
256,T3,127.1,5.78,-8.61,777.1,mtx,786.456330715815
257,T3,129.9,5.55,-8.58,779.9,mtx,786.4087221753517
258,T3,131.1,6.18,-8.51,781.1,mtx,786.3883185151532
259,T3,134.1,5.71,-8.17,784.1,mtx,786.3373093646567
260,T3,137.3,5.64,-8.67,787.3,mtx,786.2828996041271
261,T3,138.3,5.64,-7.98,788.3,mtx,786.2658965539616
262,T3,139.9,4.69,-8.37,789.9,mtx,786.2386916736968
263,T3,142.5,4.53,-7.85,792.5,mtx,786.1944837432666
264,T3,144.7,5.14,-8.09,794.7,mtx,786.1570770329025
265,T3,146.2,5.25,-8.32,796.2,mtx,786.1315724576543
266,T3,148.6,5.4,-8.3,798.6,mtx,786.0907651372571
267,T3,150.8,5.05,-8.01,800.8,mtx,786.053358426893
268,T3,154.4,4.75,-7.7,804.4,mtx,785.9921474462973
269,T3,157.7,5.06,-8.54,807.7,mtx,785.9360373807511
270,T3,164.0,4.85,-7.51,814.0,mtx,785.8289181647086
271,T3,166.4,4.8,-8.06,816.4,mtx,785.7881108443114
272,T3,168.4,4.08,-7.07,818.4,mtx,785.7541047439804
273,T3,170.6,2.79,-5.74,820.6,mtx,785.7166980336164
274,T3,173.0,5.11,-8.35,823.0,mtx,785.6758907132191
275,T3,176.6,5.25,-7.38,826.6,mtx,785.6146797326234
276,T3,178.3,4.75,-7.3,828.3,mtx,785.585774547342
277,T3,180.2,4.49,-7.44,830.2,mtx,785.5534687520276
278,T3,182.5,5.26,-7.93,832.5,mtx,785.514361736647
279,T3,185.0,4.8,-7.88,835.0,mtx,785.4718541112333
280,T3,187.0,5.4,-7.86,837.0,mtx,785.4378480109023
281,T3,188.8,4.53,-7.77,838.8,mtx,785.4072425206044
282,T3,191.2,4.54,-8.13,841.2,mtx,785.3664352002072
283,T3,193.8,5.74,-7.19,843.8,mtx,785.3222272697769
284,T3,195.1,,,845.1,mtx,785.3001233045618
285,T3,198.2,4.85,-7.74,848.2,mtx,785.2474138490488
286,T3,199.6,5.18,-8.38,849.6,mtx,785.2236095788171
287,T3,201.5,5.9,-7.86,851.5,mtx,785.1913037835027
288,T3,203.5,5.57,-8.69,853.5,mtx,785.1572976831717
289,T3,207.3,5.4,-7.94,857.3,mtx,785.0926860925429
290,T3,209.9,3.46,-6.73,859.9,mtx,785.0484781621126
291,T3,212.4,5.37,-8.22,862.4,mtx,785.0059705366989
292,T3,214.6,4.99,-7.76,864.6,mtx,784.9685638263348
293,T3,216.4,5.5,-7.85,866.4,mtx,784.937958336037
294,T3,218.4,5.66,-7.91,868.4,mtx,784.903952235706
295,T3,220.3,5.64,-8.19,870.3,mtx,784.8716464403916
296,T3,222.4,4.81,-7.94,872.4,mtx,784.8359400350441
297,T3,223.7,5.37,-8.12,873.7,mtx,784.813836069829
298,T3,225.9,4.67,-8.28,875.9,mtx,784.7764293594649
299,T3,227.6,5.56,-8.78,877.6,mtx,784.7475241741836
300,T3,229.9,5.53,-8.58,879.9,mtx,784.708417158803
301,T3,231.5,4.25,-7.36,881.5,mtx,784.6812122785382
302,T3,237.5,4.68,-8.52,887.5,mtx,784.5791939775453
303,T3,239.1,5.34,-8.65,889.1,mtx,784.5519890972805
304,T3,240.6,4.09,-6.59,890.6,mtx,784.5264845220323
305,T7,2.4,5.72,-12.75,892.4,,784.4958790317345
306,T3,246.3,4.9,-8.98,896.3,mtx,784.4295671360891
307,T3,248.3,5.21,-8.39,898.3,mtx,784.3955610357581
308,T7,13.1,4.9,-10.28,903.1,,784.3139463949638
309,T3,254.5,3.59,-6.86,904.5,mtx,784.290142124732
310,T3,258.8,4.59,-8.38,908.8,mtx,784.2170290090204
311,T7,21.3,4.85,-8.85,911.3,,784.1745213836067
312,T3,262.9,4.55,-8.91,912.9,mtx,784.1473165033419
313,T3,264.5,5.02,-8.99,914.5,mtx,784.1201116230772
314,T3,266.8,4.28,-7.87,916.8,mtx,784.0810046076965
315,T3,268.3,4.89,-8.59,918.3,mtx,784.0555000324483
316,T3,270.7,4.07,-8.13,920.7,mtx,784.0146927120511
317,T7,32.1,5.35,-8.98,922.1,,783.9908884418194
318,T3,277.5,5.08,-8.92,927.5,mtx,783.8990719709258
319,T3,280.1,4.88,-9.13,930.1,mtx,783.8548640404955
320,T7,40.5,5.82,-8.91,930.5,,783.8480628204293
321,T3,281.3,5.33,-8.88,931.3,mtx,783.8344603802968
322,T7,42.5,5.5,-9.59,932.5,,783.8140567200983
323,T3,288.7,5.6,-8.8,938.7,mtx,783.7086378090722
324,T7,50.0,5.07,-9.15,940.0,,783.6865338438571
325,T3,290.1,5.39,-8.54,940.1,mtx,783.6848335388405
326,T3,299.7,5.52,-9.47,949.7,mtx,783.5216042572519
327,T7,63.8,5.4,-10.82,953.8,,783.4518917515734
328,T3,304.7,5.15,-8.98,954.7,mtx,783.4365890064245
329,T3,308.4,4.68,-9.0,958.4,mtx,783.3736777208121
330,T3,313.6,4.84,-9.09,963.6,mtx,783.2852618599516
331,T7,74.2,5.56,-10.01,964.2,,783.2750600298523
332,T7,74.5,5.6,-9.5,964.5,mtx,783.2699591148026
333,T7,74.5,,,964.5,mts,783.2699591148026
334,T3,316.2,4.05,-8.23,966.2,mtx,783.2410539295213
335,T3,318.7,4.47,-8.05,968.7,mtx,783.1985463041076
336,T3,321.9,4.79,-8.98,971.9,mtx,783.144136543578
337,T3,322.2,5.52,-8.97,972.2,mtx,783.1390356285284
338,T3,322.2,,,972.2,mts,783.1390356285284
339,T3,322.9,5.53,-8.6,972.9,mtx,783.1271334934125
340,T3,322.9,5.53,-8.6,972.9,mts,783.1271334934125
341,T3,323.1,4.64,-8.15,973.1,mtx,783.1237328833795
342,T7,84.6,5.03,-9.24,974.6,,783.0982283081313
343,T3,326.6,4.75,-9.08,976.6,mtx,783.0642222078003
344,T3,327.2,4.22,-8.17,977.2,mtx,783.054020377701
345,T3,330.1,3.94,-7.86,980.1,mtx,783.0047115322211
346,T7,90.7,4.916,-8.612,980.7,,782.9945097021218
347,T7,90.7,5.2139999999999995,-8.714,980.7,mts,782.9945097021218
348,T3,332.9,5.32,-8.88,982.9,mtx,782.9571029917578
349,T7,93.6,5.03,-7.97,983.6,,782.9452008566419
350,T3,334.5,5.24,-8.85,984.5,mtx,782.929898111493
351,T3,336.3,5.13,-9.62,986.3,mtx,782.8992926211952
352,T3,337.2,5.16,-8.8,987.2,mtx,782.8839898760463
353,T3,337.2,5.16,-8.8,987.2,mts,782.8839898760463
354,T3,337.7,5.44,-9.9,987.7,mtx,782.8754883509636
355,T3,341.0,5.56,-8.96,991.0,mtx,782.8193782854174
356,T3,343.1,5.53,-8.95,993.1,mtx,782.78367188007
357,T7,103.4,4.92,-8.55,993.4,,782.7785709650203
358,T3,344.9,5.76,-8.48,994.9,mtx,782.7530663897721
359,T3,344.9,5.76,-8.48,994.9,mts,782.7530663897721
360,T3,345.0,5.45,-8.97,995.0,mtx,782.7513660847555
361,T3,348.9,5.68,-8.67,998.9,mtx,782.6850541891101
362,T3,350.3,5.48,-8.92,1000.3,mtx,782.6612499188784
363,T3,351.6,5.33,-8.88,1001.6,mtx,782.6391459536633
364,T3,358.5,5.36,-8.24,1008.5,mtx,782.5218249075214
365,T7,119.3,5.36,-10.49,1009.3,,782.5082224673889
366,T7,119.8,5.642,-9.613999999999999,1009.8,,782.4997209423062
367,T3,362.8,5.15,-7.78,1012.8,mtx,782.4487117918097
368,T3,362.8,5.38,-8.55,1012.8,mtx,782.4487117918097
369,T3,362.8,5.15,-7.78,1012.8,mts,782.4487117918097
370,T3,363.2,,,1013.2,mtx,782.4419105717435
371,T3,363.6,1.57,-5.46,1013.6,mtx,782.4351093516773
372,T3,364.7,4.46,-6.86,1014.7,mtx,782.4164059964952
373,T7,124.9,5.64,-9.39,1014.9,mtx,782.4130053864621
374,T7,124.9,,,1014.9,mts,782.4130053864621
375,T3,365.0,,,1015.0,mtx,782.4113050814456
376,T3,368.1,5.08,-8.03,1018.1,mtx,782.3585956259326
377,T7,128.2,5.99,-9.9,1018.2,,782.356895320916
378,T3,371.1,5.08,-8.07,1021.1,mtx,782.3075864754361
379,T3,373.1,5.45,-7.81,1023.1,mtx,782.2735803751051
380,T3,374.4,5.18,-8.58,1024.4,mtx,782.25147640989
381,T3,377.3,5.03,-7.85,1027.3,mtx,782.20216756441
382,T7,139.7,5.66,-9.51,1029.7,,782.1613602440128
383,T3,380.1,5.04,-8.19,1030.1,mtx,782.1545590239466
384,T7,141.4,5.587999999999999,-8.812999999999999,1031.4,,782.1324550587315
385,T3,382.5,4.81,-8.06,1032.5,mtx,782.1137517035494
386,T3,383.1,5.83,-7.28,1033.1,mtx,782.1035498734501
387,T3,384.0,4.75,-7.32,1034.0,mtx,782.0882471283012
388,T3,384.0,4.75,-7.32,1034.0,mts,782.0882471283012
389,T3,385.4,5.07,-7.96,1035.4,mtx,782.0644428580695
390,T3,388.0,5.02,-8.35,1038.0,mtx,782.0202349276392
391,T3,389.5,5.27,-8.24,1039.5,mtx,781.994730352391
392,T3,391.1,5.1,-9.02,1041.1,mtx,781.9675254721262
393,T7,152.6,5.74,-8.57,1042.6,,781.942020896878
394,T3,393.9,5.32,-7.91,1043.9,mtx,781.9199169316629
395,T3,395.1,5.53,-7.58,1045.1,mtx,781.8995132714643
396,T3,397.6,5.6,-8.44,1047.6,mtx,781.8570056460507
397,T3,400.8,5.38,-8.43,1050.8,mtx,781.8025958855211
398,T7,161.3,5.53,-10.99,1051.3,,781.7940943604384
399,T3,403.8,5.47,-8.71,1053.8,mtx,781.7515867350247
400,T3,405.5,5.02,-8.63,1055.5,mtx,781.7226815497434
401,T3,408.4,5.25,-7.79,1058.4,mtx,781.6733727042634
402,T3,410.2,5.38,-8.71,1060.2,mtx,781.6427672139656
403,T3,411.7,5.45,-7.76,1061.7,mtx,781.6172626387174
404,T7,174.0,5.47,-8.37,1064.0,,781.5781556233368
405,T3,414.7,5.5,-8.82,1064.7,mtx,781.5662534882209
406,T3,417.1,5.29,-8.58,1067.1,mtx,781.5254461678237
407,T3,418.7,5.34,-8.56,1068.7,mtx,781.4982412875589
408,T7,180.6,4.407,-7.386,1070.6,mts,781.4659354922445
409,T7,180.6,5.744,-7.4910000000000005,1070.6,,781.4659354922445
410,T3,421.9,5.26,-7.89,1071.9,mtx,781.4438315270294
411,T7,184.4,5.45,-8.53,1074.4,,781.4013239016157
412,T3,424.5,,,1074.5,mtx,781.3996235965991
413,T3,425.7,5.86,-5.79,1075.7,mtx,781.3792199364005
414,T3,425.7,,,1075.7,mts,781.3792199364005
415,T3,426.7,5.49,-7.83,1076.7,mtx,781.362216886235
416,T3,429.1,5.02,-7.95,1079.1,mtx,781.3214095658378
417,T3,432.6,5.84,-7.81,1082.6,mtx,781.2618988902586
418,T3,433.1,5.32,-4.89,1083.1,mtx,781.2533973651759
419,T3,433.1,5.32,-4.89,1083.1,mts,781.2533973651759
420,T3,434.2,5.42,-7.74,1084.2,mtx,781.2346940099939
421,T7,195.1,5.105,-8.513,1085.1,,781.219391264845
422,T7,196.8,5.58,-9.43,1086.8,,781.1904860795636
423,T3,437.3,5.65,-7.14,1087.3,mtx,781.1819845544809
424,T3,440.8,5.76,-6.74,1090.8,mtx,781.1224738789017
425,T3,443.6,5.98,-6.21,1093.6,mtx,781.0748653384384
426,T3,446.4,5.89,-6.47,1096.4,mtx,781.027256797975
427,T3,449.5,5.59,-7.0,1099.5,mtx,780.9745473424621
428,T7,210.3,5.47,-9.99,1100.3,,780.9609449023296
429,T3,450.7,5.51,-7.25,1100.7,mtx,780.9541436822634
430,T7,211.3,5.61,-9.39,1101.3,mtx,780.9439418521641
431,T7,211.3,,,1101.3,mts,780.9439418521641
432,T3,453.3,5.54,-7.62,1103.3,mtx,780.9099357518331
433,T3,455.0,5.61,-8.22,1105.0,mtx,780.8810305665518
434,T3,457.1,5.78,-7.93,1107.1,mtx,780.8453241612043
435,T3,458.8,5.89,-8.77,1108.8,mtx,780.8164189759229
436,T3,460.8,5.6,-9.02,1110.8,mtx,780.782412875592
437,T3,462.8,5.51,-8.96,1112.8,mtx,780.748406775261
438,T7,225.0,5.227,-9.039,1115.0,,780.7110000648969
439,T3,466.7,5.47,-8.66,1116.7,mtx,780.6820948796155
440,T7,229.7,5.56,-10.32,1119.7,,780.631085729119
441,T3,470.0,5.78,-8.47,1120.0,mtx,780.6259848140694
442,T3,470.5,4.09,-5.69,1120.5,mtx,780.6174832889867
443,T3,470.5,4.09,-5.69,1120.5,mts,780.6174832889867
444,T3,471.2,5.15,-7.53,1121.2,mtx,780.6055811538708
445,T3,474.9,5.69,-6.33,1124.9,mtx,780.5426698682585
446,T3,477.5,5.02,-6.91,1127.5,mtx,780.4984619378282
447,T3,478.5,5.61,-7.13,1128.5,mtx,780.4814588876627
448,T3,482.2,4.8,-6.76,1132.2,mtx,780.4185476020504
449,T3,484.4,5.88,-7.09,1134.4,mtx,780.3811408916863
450,T7,245.7,3.4810000000000003,-7.982,1135.7,mts,780.3590369264712
451,T7,245.7,5.83,-8.367,1135.7,,780.3590369264712
452,T3,486.2,5.66,-6.37,1136.2,mtx,780.3505354013885
453,T7,246.3,5.88,-8.86,1136.3,,780.3488350963719
454,T3,489.6,5.57,-6.68,1139.6,mtx,780.2927250308257
455,T3,490.3,5.81,-4.85,1140.3,mtx,780.2808228957099
456,T3,490.3,5.81,-4.85,1140.3,mts,780.2808228957099
457,T3,490.5,5.96,-6.29,1140.5,mtx,780.2774222856768
458,T3,493.0,5.66,-6.67,1143.0,mtx,780.2349146602631
459,T7,253.9,5.62,-8.64,1143.9,,780.2196119151142
460,T7,257.7,5.337999999999999,-7.867999999999999,1147.7,,780.1550003244854
461,T3,499.8,5.66,-6.96,1149.8,mtx,780.1192939191379
462,T7,259.9,5.64,-7.85,1149.9,,780.1175936141213
463,T7,260.3,4.7860000000000005,-8.625,1150.3,,780.1107923940551
464,T7,261.1,4.998,-8.432,1151.1,,780.0971899539227
465,T3,503.0,4.64,-6.65,1153.0,mtx,780.0648841586083
466,T7,264.4,5.511,-9.48,1154.4,,780.0410798883765
467,T3,505.4,5.48,-7.53,1155.4,mtx,780.024076838211
468,T7,268.0,5.77,-9.54,1158.0,,779.9798689077808
469,T7,269.7,5.7989999999999995,-9.386000000000001,1159.7,,779.9509637224994
470,T3,510.8,5.61,-7.03,1160.8,mtx,779.9322603673173
471,T3,511.8,5.76,-7.58,1161.8,mtx,779.9152573171518
472,T7,273.6,5.379,-8.591000000000001,1163.6,,779.884651826854
473,T3,515.2,5.98,-7.52,1165.2,mtx,779.8574469465892
474,T7,279.6,4.925,-9.199,1169.6,,779.7826335258611
475,T3,519.7,5.48,-7.86,1169.7,mtx,779.7809332208445
476,T3,521.0,5.57,-7.34,1171.0,mtx,779.7588292556294
477,T7,281.3,3.87,-9.275,1171.3,,779.7537283405798
478,T7,281.3,4.84,-5.336,1171.3,mts,779.7537283405798
479,T7,284.6,5.8020000000000005,-8.339,1174.6,,779.6976182750336
480,T3,526.3,5.45,-6.99,1176.3,mtx,779.6687130897523
481,T7,287.7,5.697,-7.449,1177.7,,779.6449088195205
482,T7,287.7,6.047000000000001,-6.377999999999999,1177.7,mts,779.6449088195205
483,T3,527.8,5.37,-7.26,1177.8,mtx,779.643208514504
484,T7,293.4,5.444,-6.682,1183.4,,779.5479914335772
485,T7,293.4,5.709,-7.375,1183.4,mts,779.5479914335772
486,T3,536.0,6.13,-6.56,1186.0,mtx,779.5037835031469
487,T7,298.2,5.461,-7.71,1188.2,,779.4663767927829
488,T3,542.3,5.17,-6.54,1192.3,mtx,779.3966642871044
489,T7,305.7,4.997,-10.027000000000001,1195.7,,779.3388539165418
490,T7,308.0,5.053,-11.434000000000001,1198.0,,779.2997469011611
491,T3,549.1,6.08,-6.92,1199.1,mtx,779.2810435459791
492,T3,552.0,11.78,-7.83,1202.0,mtx,779.2317347004991
493,T3,552.0,,,1202.0,mts,779.2317347004991
494,T7,312.6,5.765,-10.021,1202.6,,779.2215328703999
495,T7,316.3,,,1206.3,mts,779.1586215847875
496,T7,316.3,5.2,-9.96,1206.3,mtx,779.1586215847875
497,T3,557.2,5.68,-7.13,1207.2,mtx,779.1433188396386
498,T7,321.7,5.542000000000001,-10.044,1211.7,,779.0668051138939
499,T3,561.8,5.88,-7.37,1211.8,mtx,779.0651048088773
500,T3,563.3,6.23,-6.71,1213.3,mtx,779.0396002336291
501,T3,563.3,6.23,-6.71,1213.3,mts,779.0396002336291
502,T7,324.1,4.918,-11.013,1214.1,,779.0259977934967
503,T7,324.1,5.903,-10.532,1214.1,mts,779.0259977934967
504,T3,564.2,5.71,-7.12,1214.2,mtx,779.0242974884801
505,T7,328.0,5.751,-10.757,1218.0,,778.9596858978513
506,T3,569.3,5.59,-7.09,1219.3,mtx,778.9375819326361
507,T3,572.0,5.89,-7.28,1222.0,mtx,778.8916736971893
508,T7,333.4,4.957,-11.105,1223.4,,778.8678694269576
509,T3,574.1,5.3,-6.97,1224.1,mtx,778.8559672918417
510,T7,338.6,5.149,-10.873,1228.6,,778.779453566097
511,T3,578.8,5.92,-7.53,1228.8,mtx,778.776052956064
512,T3,579.8,5.91,-6.74,1229.8,mtx,778.7590499058985
513,T3,580.8,5.69,-8.07,1230.8,mtx,778.742046855733
514,T7,342.3,5.513,-6.557,1232.3,,778.7165422804848
515,T3,584.3,5.35,-7.19,1234.3,mtx,778.6825361801538
516,T3,589.8,5.86,-6.0,1239.8,mtx,778.5890194042436
517,T3,589.8,5.83,-6.56,1239.8,mtx,778.5890194042436
518,T3,589.8,5.86,-6.0,1239.8,mts,778.5890194042436
519,T7,353.0,5.275,-7.96,1243.0,,778.534609643714
520,T3,593.9,5.92,-6.66,1243.9,mtx,778.5193068985651
521,T7,358.0,5.195,-7.4079999999999995,1248.0,,778.4495943928866
522,T3,598.6,5.78,-7.42,1248.6,mtx,778.4393925627874
523,T3,602.4,5.62,-6.42,1252.4,mtx,778.3747809721585
524,T3,602.5,5.78,-3.95,1252.5,mtx,778.373080667142
525,T3,602.5,,,1252.5,mts,778.373080667142
526,T7,362.6,5.521,-8.946,1252.6,,778.3713803621254
527,T7,364.5,5.143,-11.888,1254.5,,778.339074566811
528,T3,605.3,6.02,-6.77,1255.3,mtx,778.3254721266785
529,T7,365.9,5.532,-6.972,1255.9,,778.3152702965792
530,T7,368.5,5.349,-6.437,1258.5,,778.271062366149
531,T7,372.8,5.156000000000001,-9.015,1262.8,,778.1979492504373
532,T3,615.6,5.46,-8.12,1265.6,mtx,778.150340709974
533,T3,616.6,5.47,-6.41,1266.6,mtx,778.1333376598085
534,T3,618.7,5.34,-7.3,1268.7,mtx,778.0976312544609
535,T7,382.8,4.056,-12.341,1272.8,,778.0279187487824
536,T7,388.1,5.127000000000001,-7.906000000000001,1278.1,,777.9378025829053
537,T7,397.8,4.961,-5.545,1287.8,,777.7728729963001
538,T7,402.5,4.138,-7.65,1292.5,,777.6929586605223
539,T3,645.1,5.19,-4.56,1295.1,mtx,777.648750730092
540,T7,413.0,4.386,-5.6339999999999995,1303.0,,777.5144266337846
541,T7,418.6,3.9389999999999996,-6.6770000000000005,1308.6,,777.4192095528579
542,T7,422.8,4.244,-8.432,1312.8,,777.3477967421628
543,T7,424.0,4.005,-6.936,1314.0,,777.3273930819643
544,T7,429.0,4.652,-9.302,1319.0,,777.2423778311369
545,T7,432.0,5.041,-7.811,1322.0,,777.1913686806404
546,T7,436.7,4.603,-8.092,1326.7,,777.1114543448626
547,T3,677.6,5.66,-6.07,1327.6,mtx,777.0961515997137
548,T3,678.4,5.25,-5.47,1328.4,mtx,777.0825491595813
549,T3,678.4,5.25,-5.47,1328.4,mts,777.0825491595813
550,T3,679.9,5.45,-6.08,1329.9,mtx,777.0570445843331
551,T7,440.5,3.6839999999999997,-7.553,1330.5,,777.0468427542338
552,T7,440.5,5.132999999999999,-8.856,1330.5,mts,777.0468427542338
553,T3,682.2,5.27,-5.27,1332.2,mtx,777.0179375689524
554,T3,685.8,4.64,-4.72,1335.8,mtx,776.9567265883567
555,T7,449.2,4.843,-7.485,1339.2,,776.8989162177941
556,T7,452.6,4.748,-6.41,1342.6,,776.8411058472315
557,T7,458.1,5.372000000000001,-4.6339999999999995,1348.1,,776.7475890713213
558,T3,702.1,5.08,-6.21,1352.1,mtx,776.6795768706593
559,T7,465.2,5.327999999999999,-5.867000000000001,1355.2,,776.6268674151463
560,T7,465.2,5.773,-5.126,1355.2,mts,776.6268674151463
561,T7,470.0,5.126,-4.434,1360.0,,776.545252774352
562,T3,711.6,5.09,-6.1,1361.6,mtx,776.5180478940872
563,T7,472.9,5.432,-3.9160000000000004,1362.9,,776.4959439288721
564,T7,475.4,5.313,-4.556,1365.4,,776.4534363034584
565,T3,717.2,4.62,-5.71,1367.2,mtx,776.4228308131605
566,T7,478.2,4.471,-4.302,1368.2,,776.405827762995
567,T7,482.1,4.987,-4.655,1372.1,,776.3395158673496
568,T3,725.2,5.21,-5.75,1375.2,mtx,776.2868064118367
569,T7,488.4,4.5,-4.027,1378.4,mtx,776.2323966513071
570,T7,488.4,,,1378.4,mts,776.2323966513071
571,T7,488.5,4.75,-4.86,1378.5,,776.2306963462905
572,T3,732.2,5.51,-5.82,1382.2,mtx,776.1677850606782
573,T7,492.9,4.747,-4.626,1382.9,,776.1558829255623
574,T3,736.4,4.99,-5.88,1386.4,mtx,776.0963722499831
575,T7,501.8,4.771,-4.75,1391.8,,776.0045557790895
576,T3,746.2,5.09,-5.56,1396.2,mtx,775.9297423583614
577,T3,753.3,5.23,-5.72,1403.3,mtx,775.8090207021864
578,T7,514.8,4.725,-5.585,1404.8,,775.7835161269383
579,T3,759.0,4.98,-6.38,1409.0,mtx,775.7121033162432
580,T7,559.4,4.302,-5.233,1449.4,,775.0251800895575
581,T7,582.7,1.042,-3.3089999999999997,1472.7,,774.6290090207016
582,T7,593.8,2.414,-1.889,1483.8,,774.4402751638646
583,T7,607.7,1.45,-9.26,1497.7,,774.2039327665643
584,T7,608.1,,,1498.1,mtx,774.1971315464981
585,T7,608.1,,,1498.1,mts,774.1971315464981
586,T7,643.3,0.885,-1.157,1533.3,,773.5986241806729
587,T7,684.0,2.47,-0.746,1574.0,,772.9066000389375
588,T7,710.3,2.155,-2.033,1600.3,,772.4594198195853
589,T7,734.4,2.617,-1.65,1624.4,,772.049646310597
590,T7,826.3,1.8659999999999999,-2.888,1716.3,,770.4870660003887
591,T7,863.1,2.815,-11.38,1753.1,,769.8613537542988
592,T7,864.5,2.449,-10.722999999999999,1754.5,,769.837549484067
593,T7,873.3,3.576,-13.39,1763.3,,769.6879226426107
594,T7,878.3,0.015,-12.048,1768.3,,769.6029073917833
595,T7,884.4,3.2760000000000002,-11.290999999999999,1774.4,,769.4991887857739
596,T7,887.5,3.694,-11.784,1777.5,,769.4464793302609
597,T7,894.2,4.006,-12.307,1784.2,,769.3325588941522
598,T7,899.5,3.47,-10.492,1789.5,,769.242442728275
599,T22,529.8,2.25,-3.87,2609.8,,755.2948406775255
600,T22,531.1,2.06,-3.69,2611.1,,755.2727367123103
601,T22,532.5,2.17,-3.71,2612.5,,755.2489324420786
602,T22,562.1,2.21,-2.93,2642.1,,754.7456421571802
603,T22,563.5,2.47,-3.58,2643.5,,754.7218378869485
604,T22,566.0,3.11,-5.99,2646.0,,754.6793302615348
605,T22,569.1,3.18,-5.79,2649.1,,754.6266208060218
606,T22,578.1,4.67,-4.62,2658.1,,754.4735933545325
607,T22,580.3,3.2,-3.66,2660.3,,754.4361866441684
608,T22,583.1,3.82,-3.17,2663.1,,754.3885781037051
609,T22,583.8,3.2,-3.66,2663.8,,754.3766759685892
610,T22,591.3,1.97,-3.63,2671.3,,754.249153092348
611,T22,592.5,1.39,-4.06,2672.5,,754.2287494321495
612,T22,595.3,1.37,-8.78,2675.3,,754.1811408916861
613,T22,595.7,1.46,-7.43,2675.7,,754.1743396716199
614,T22,602.0,1.37,-7.41,2682.0,,754.0672204555774
615,T22,602.7,2.97,-3.36,2682.7,,754.0553183204615
616,T22,608.7,1.67,-6.55,2688.7,,753.9533000194687
617,T22,609.5,1.69,-6.54,2689.5,,753.9396975793362
618,T22,613.5,1.83,-6.57,2693.5,,753.8716853786742
619,T22,615.6,2.65,-6.22,2695.6,,753.8359789733267
620,T22,618.1,2.34,-4.13,2698.1,,753.793471347913
621,T22,619.3,2.87,-1.04,2699.3,,753.7730676877145
622,T22,621.6,2.58,-1.18,2701.6,,753.7339606723339
623,T22,622.9,2.73,-1.84,2702.9,,753.7118567071187
624,T22,625.1,2.56,-2.55,2705.1,,753.6744499967547
625,T22,626.6,2.59,-3.4,2706.6,,753.6489454215065
626,T22,643.7,,,2723.7,,753.3581932636766
627,T22,653.5,,,2733.5,,753.1915633720548
628,T22,656.5,,,2736.5,,753.1405542215583
629,T22,669.3,,,2749.3,,752.9229151794401
630,T22,672.3,0.44,-4.13,2752.3,,752.8719060289436
631,T22,674.8,0.54,-4.46,2754.8,,752.8293984035299
632,T22,678.2,1.2,-4.04,2758.2,,752.7715880329673
633,T22,682.7,0.51,-4.19,2762.7,,752.6950743072226
634,T22,685.0,1.63,-4.15,2765.0,,752.655967291842
635,T22,687.5,1.89,-3.86,2767.5,,752.6134596664283
636,T22,690.6,,,2770.6,,752.5607502109153
637,T22,695.2,0.95,-4.14,2775.2,,752.482536180154
638,T22,700.3,,,2780.3,,752.3958206243101
639,T22,702.3,,,2782.3,,752.3618145239791
640,T22,709.2,,,2789.2,,752.2444934778372
641,T22,710.2,1.88,-3.67,2790.2,,752.2274904276717
642,T22,712.4,,,2792.4,,752.1900837173076
643,T22,715.5,1.14,-3.93,2795.5,,752.1373742617947
644,T22,718.5,1.12,-5.18,2798.5,,752.0863651112982
645,T22,721.1,0.73,-5.74,2801.1,,752.0421571808679
646,T22,723.2,0.77,-4.24,2803.2,,752.0064507755204
647,T22,727.4,,,2807.4,,751.9350379648254
648,T22,728.2,,,2808.2,,751.921435524693
649,T22,730.1,1.81,-3.73,2810.1,,751.8891297293786
650,T22,732.8,,,2812.8,,751.8432214939318
651,T22,735.0,2.07,-3.23,2815.0,,751.8058147835677
652,T22,737.7,1.25,-3.96,2817.7,,751.7599065481209
653,T22,743.6,,,2823.6,,751.6595885521444
654,T22,745.6,1.88,-3.28,2825.6,,751.6255824518134
655,T22,747.4,,,2827.4,,751.5949769615156
656,T22,749.2,,,2829.2,,751.5643714712178
657,T22,751.6,,,2831.6,,751.5235641508206
658,T22,756.7,2.18,-2.11,2836.7,,751.4368485949766
659,T22,757.3,,,2837.3,,751.4266467648773
660,T22,760.4,2.24,-4.19,2840.4,,751.3739373093644
661,T22,765.6,1.4,-3.11,2845.6,,751.2855214485038
662,T22,768.6,1.47,-3.78,2848.6,,751.2345122980073
663,T22,770.5,,,2850.5,,751.2022065026929
664,T22,773.3,1.27,-2.67,2853.3,,751.1545979622296
665,T22,774.3,1.61,-3.41,2854.3,,751.1375949120641
666,T22,775.9,1.78,-2.3,2855.9,,751.1103900317993
667,T22,777.9,1.79,-2.85,2857.9,,751.0763839314683
668,T22,779.2,2.42,-3.33,2859.2,,751.0542799662531
669,T22,781.6,2.66,-4.07,2861.6,,751.0134726458559
670,T22,783.8,,,2863.8,,750.9760659354919
671,T22,786.7,3.02,-4.63,2866.7,,750.926757090012
672,T22,793.8,1.34,-2.58,2873.8,,750.806035433837
673,T22,795.3,1.77,-2.18,2875.3,,750.7805308585888
674,T22,798.4,0.98,-4.66,2878.4,,750.7278214030758
675,T22,799.6,0.63,-5.07,2879.6,,750.7074177428773
676,T22,811.9,-0.08,-5.5,2891.9,,750.4982802258418
677,T22,813.8,0.12,-5.1,2893.8,,750.4659744305274
678,T22,816.7,-0.44,-4.97,2896.7,,750.4166655850474
679,T22,819.0,-0.76,-5.48,2899.0,,750.3775585696668
680,T22,821.8,0.06,-6.87,2901.8,,750.3299500292035
681,T22,822.8,,,2902.8,,750.312946979038
682,T22,824.8,0.46,-4.52,2904.8,,750.278940878707
683,T22,856.9,0.26,-4.98,2936.9,,749.7331429683949
684,T22,932.5,,,3012.5,,748.447712375884
685,T22,934.5,0.43,-4.41,3014.5,,748.413706275553
686,T22,936.5,,,3016.5,,748.379700175222
687,T22,939.0,0.64,-4.04,3019.0,,748.3371925498083
688,T22,953.3,-0.09,-5.91,3033.3,,748.0940489324418
689,T22,987.9,3.05,-3.67,3067.9,,747.5057433967158
690,T22,999.8,3.17,-2.39,3079.8,,747.3034070997466
691,T22,1001.8,,,3081.8,,747.2694009994156
692,T22,1002.8,1.67,-4.41,3082.8,,747.25239794925
693,T22,1004.3,0.54,-3.6,3084.3,,747.2268933740019
694,T22,1005.2,1.35,-3.78,3085.2,,747.211590628853
695,T22,1007.8,-0.08,-3.96,3087.8,,747.1673826984227
696,T22,1010.0,0.35,-6.12,3090.0,,747.1299759880586
697,T22,1011.4,-2.38,-7.49,3091.4,,747.1061717178269
698,T22,1021.0,-2.39,-5.88,3101.0,,746.9429424362382
699,T22,1063.8,-2.55,-5.83,3143.8,,746.2152118891554
700,T22,1072.3,-2.48,-7.02,3152.3,,746.0706859627487
701,T22,1084.4,-2.32,-5.36,3164.4,,745.8649490557464
702,T22,1087.3,-2.13,-6.84,3167.3,,745.8156402102665
703,T22,1088.5,-2.09,-4.27,3168.5,,745.7952365500679
704,T22,1089.5,-1.46,-4.93,3169.5,,745.7782334999024
705,T22,1090.5,-2.01,-6.56,3170.5,,745.7612304497369
706,T22,1096.3,-1.26,-5.77,3176.3,,745.6626127587771
707,T22,1097.1,-1.54,-5.3,3177.1,,745.6490103186447
708,T22,1101.7,-1.82,-5.89,3181.7,,745.5707962878835
709,T22,1102.6,-1.28,-1.45,3182.6,,745.5554935427346
710,T22,1103.9,-1.57,-5.14,3183.9,,745.5333895775194
711,T22,1106.7,-1.75,-4.24,3186.7,,745.4857810370561
712,T22,1108.1,-1.83,-4.36,3188.1,,745.4619767668244
713,T22,1109.0,,,3189.0,,745.4466740216754
714,T22,1112.7,-1.63,-6.21,3192.7,,745.3837627360632
715,T22,1115.8,-1.02,-6.54,3195.8,,745.3310532805502
716,T22,1119.5,0.34,-4.4,3199.5,,745.268141994938
717,T22,1123.1,0.5,-4.75,3203.1,,745.2069310143422
718,T22,1125.8,2.03,-3.58,3205.8,,745.1610227788954
719,T22,1129.1,2.33,-3.97,3209.1,,745.1049127133492
720,T22,1132.6,1.96,-4.96,3212.6,,745.04540203777
721,T22,1134.8,2.06,-2.71,3214.8,,745.007995327406
722,T22,1137.1,,,3217.1,,744.9688883120253
723,T22,1140.7,2.92,-3.89,3220.7,,744.9076773314296
724,T22,1142.3,2.86,-4.37,3222.3,,744.8804724511648
725,T22,1145.6,1.76,-4.03,3225.6,,744.8243623856187
726,T22,1147.0,2.15,-3.47,3227.0,,744.8005581153869
727,T22,1150.1,,,3230.1,,744.747848659874
728,T22,1155.8,,,3235.8,,744.6509312739307
729,T22,1158.9,2.9,-3.57,3238.9,,744.5982218184178
730,T22,1159.6,,,3239.6,,744.5863196833019
731,T22,1161.7,2.52,-4.2,3241.7,,744.5506132779544
732,T22,1176.7,1.38,-3.73,3256.7,,744.2955675254722
733,T22,1179.7,,,3259.7,,744.2445583749757
734,T22,1182.6,,,3262.6,,744.1952495294958
735,T22,1184.2,1.74,-3.05,3264.2,,744.168044649231
736,T22,1185.7,,,3265.7,,744.1425400739828
737,T22,1187.0,,,3267.0,,744.1204361087676
738,T22,1188.1,3.19,-3.55,3268.1,,744.1017327535856
739,T22,1189.0,,,3269.0,,744.0864300084367
740,T22,1193.7,,,3273.7,,744.0065156726589
741,T22,1197.8,3.03,-3.03,3277.8,,743.9368031669804
742,T22,1200.1,,,3280.1,,743.8976961515998
743,T22,1203.5,,,3283.5,,743.8398857810372
744,T22,1205.3,2.52,-3.36,3285.3,,743.8092802907394
745,T22,1206.7,,,3286.7,,743.7854760205076
746,T22,1212.3,,,3292.3,,743.6902589395809
747,T22,1214.2,,,3294.2,,743.6579531442665
748,T22,1221.3,2.21,-5.39,3301.3,,743.5372314880915
749,T22,1227.6,,,3307.6,,743.430112272049
750,T23,0.3,2.47,-4.74,3310.3,,743.3842040366021
751,T23,4.3,1.8,-5.94,3314.3,,743.3161918359401
752,T23,6.2,1.33,-5.58,3316.2,,743.2838860406257
753,T23,9.0,2.41,-8.51,3319.0,,743.2362775001624
754,T23,12.9,2.19,-6.65,3322.9,,743.169965604517
755,T22,1245.0,,,3325.0,,743.1342591991695
756,T23,15.8,2.19,-4.11,3325.8,,743.120656759037
757,T22,1246.8,2.87,-3.37,3326.8,,743.1036537088715
758,T23,18.8,2.77,-4.35,3328.8,,743.0696476085405
759,T22,1251.0,,,3331.0,,743.0322408981765
760,T22,1253.7,,,3333.7,,742.9863326627296
761,T23,25.1,1.58,-4.97,3335.1,,742.9625283924979
762,T22,1257.7,2.41,-3.32,3337.7,,742.9183204620676
763,T23,30.2,1.27,-4.66,3340.2,,742.875812836654
764,T22,1261.6,,,3341.6,,742.8520085664222
765,T23,31.7,1.56,-4.32,3341.7,,742.8503082614056
766,T22,1262.8,,,3342.8,,742.8316049062236
767,T22,1264.3,,,3344.3,,742.8061003309754
768,T23,34.7,1.57,-4.85,3344.7,,742.7992991109091
769,T23,37.8,1.74,-4.15,3347.8,,742.7465896553962
770,T23,39.7,1.59,-4.22,3349.7,,742.7142838600818
771,T23,43.4,2.2,-4.18,3353.4,,742.6513725744694
772,T23,44.5,2.04,-3.79,3354.5,,742.6326692192873
773,T23,47.3,1.6,-3.57,3357.3,,742.585060678824
774,T23,49.5,2.29,-7.89,3359.5,,742.5476539684599
775,T23,51.5,2.0,-7.15,3361.5,,742.5136478681289
776,T23,53.3,1.55,-5.32,3363.3,,742.4830423778311
777,T23,54.4,1.81,-5.23,3364.4,,742.464339022649
778,T22,1288.6,2.31,-3.33,3368.6,,742.392926211954
779,T23,60.1,0.55,-2.7,3370.1,,742.3674216367058
780,T22,1291.9,,,3371.9,,742.336816146408
781,T23,62.2,1.97,-4.56,3372.2,,742.3317152313583
782,T22,1295.3,,,3375.3,,742.2790057758453
783,T23,72.0,2.6,-2.7,3382.0,,742.1650853397366
784,T22,1303.6,2.06,-4.07,3383.6,,742.1378804594718
785,T22,1304.7,,,3384.7,,742.1191771042897
786,T23,75.5,2.0,-3.33,3385.5,,742.1055746641573
787,T23,77.5,2.86,-3.41,3387.5,,742.0715685638263
788,T23,79.7,1.41,-4.03,3389.7,,742.0341618534623
789,T23,81.7,2.22,-4.13,3391.7,,742.0001557531313
790,T23,82.9,2.6,-10.29,3392.9,,741.9797520929327
791,T22,1313.7,,,3393.7,,741.9661496528004
792,T22,1315.8,1.91,-2.62,3395.8,,741.9304432474528
793,T22,1319.5,,,3399.5,,741.8675319618405
794,T22,1320.9,,,3400.9,,741.8437276916088
795,T22,1321.5,1.7,-2.26,3401.5,,741.8335258615095
796,T22,1324.4,,,3404.4,,741.7842170160296
797,T22,1329.0,,,3409.0,,741.7060029852684
798,T23,99.4,3.28,-5.52,3409.4,,741.6992017652021
799,T22,1332.7,2.48,-4.1,3412.7,,741.643091699656
800,T23,105.9,2.25,-6.34,3415.9,,741.5886819391264
801,T22,1336.1,,,3416.1,,741.5852813290934
802,T22,1338.7,,,3418.7,,741.5410733986631
803,T22,1340.3,2.11,-3.8,3420.3,,741.5138685183983
804,T22,1342.1,,,3422.1,,741.4832630281005
805,T23,112.9,2.64,-4.7,3422.9,,741.4696605879681
806,T23,116.7,1.87,-7.27,3426.7,,741.4050489973392
807,T22,1348.2,,,3428.2,,741.379544422091
808,T23,119.2,2.58,-8.77,3429.2,,741.3625413719255
809,T22,1350.1,2.48,-4.32,3430.1,,741.3472386267766
810,T22,1353.1,,,3433.1,,741.2962294762801
811,T23,123.4,2.54,-5.2,3433.4,,741.2911285612305
812,T22,1354.2,,,3434.2,,741.2775261210982
813,T23,125.5,2.89,-5.86,3435.5,,741.255422155883
814,T22,1358.2,2.95,-4.68,3438.2,,741.2095139204362
815,T22,1361.1,,,3441.1,,741.1602050749563
816,T22,1364.6,,,3444.6,,741.1006943993771
817,T22,1365.9,2.61,-3.98,3445.9,,741.0785904341619
818,T22,1371.2,,,3451.2,,740.9884742682848
819,T23,142.5,2.22,-5.41,3452.5,,740.9663703030697
820,T23,144.9,2.74,-5.75,3454.9,,740.9255629826724
821,T22,1375.0,,,3455.0,,740.9238626776558
822,T23,152.2,2.53,-4.72,3462.2,,740.8014407164643
823,T22,1382.4,2.73,-9.27,3462.4,,740.7980401064312
824,T22,1388.9,,,3468.9,,740.6875202803556
825,T23,159.3,1.97,-4.58,3469.3,,740.6807190602893
826,T22,1390.3,,,3470.3,,740.6637160101238
827,T23,166.4,2.3,-8.6,3476.4,,740.5599974041144
828,T22,1397.6,2.52,-3.04,3477.6,,740.5395937439158
829,T23,168.7,2.34,-5.34,3478.7,,740.5208903887337
830,T22,1401.7,,,3481.7,,740.4698812382372
831,T23,171.8,2.66,-7.03,3481.8,,740.4681809332207
832,T22,1407.6,,,3487.6,,740.3695632422608
833,T22,1409.3,,,3489.3,,740.3406580569795
834,T22,1412.8,,,3492.8,,740.2811473814003
835,T22,1418.0,,,3498.0,,740.1927315205397
836,T23,191.5,2.42,-6.49,3501.5,,740.1332208449605
837,T22,1421.7,,,3501.7,,740.1298202349275
838,T23,194.3,2.15,-9.22,3504.3,,740.0856123044972
839,T22,1424.6,,,3504.6,,740.0805113894476
840,T22,1425.7,,,3505.7,,740.0618080342655
841,T22,1427.9,,,3507.9,,740.0244013239014
842,T23,199.5,3.08,-10.56,3509.5,,739.9971964436367
843,T22,1429.9,,,3509.9,,739.9903952235704
844,T22,1431.2,,,3511.2,,739.9682912583553
845,T22,1432.3,,,3512.3,,739.9495879031732
846,T23,203.0,2.88,-10.3,3513.0,,739.9376857680573
847,T22,1434.5,,,3514.5,,739.9121811928092
848,T22,1435.9,,,3515.9,,739.8883769225774
849,T22,1437.9,,,3517.9,,739.8543708222464
850,T23,209.5,3.14,-10.36,3519.5,,739.8271659419817
851,T22,1440.4,,,3520.4,,739.8118631968327
852,T23,212.1,2.75,-5.22,3522.1,,739.7829580115514
853,T23,215.6,3.33,-9.54,3525.6,,739.7234473359722
854,T23,220.4,2.8,-10.52,3530.4,,739.6418326951779
855,T23,222.2,2.92,-11.11,3532.2,,739.61122720488
856,T23,230.6,2.62,-10.07,3540.6,,739.4684015834899
857,T23,233.4,2.44,-10.35,3543.4,,739.4207930430266
858,T23,237.3,2.33,-9.23,3547.3,,739.3544811473812
859,T23,242.3,2.56,-6.06,3552.3,,739.2694658965538
860,T23,244.8,2.3,-6.26,3554.8,,739.2269582711401
861,T23,248.6,3.22,-5.66,3558.6,,739.1623466805113
862,T23,250.3,3.63,-6.62,3560.3,,739.1334414952299
863,T22,1486.3,,,3566.3,,739.031423194237
864,T22,1489.0,2.73,-5.31,3569.0,,738.9855149587902
865,T22,1497.1,,,3577.1,,738.8477902524497
866,T23,268.9,3.39,-5.94,3578.9,,738.8171847621519
867,T23,273.2,3.28,-5.7,3583.2,,738.7440716464403
868,T23,275.3,2.98,-4.95,3585.3,,738.7083652410927
869,T23,280.6,2.55,-5.24,3590.6,,738.6182490752155
870,T23,282.9,2.84,-5.31,3592.9,,738.5791420598349
871,T22,1514.4,,,3594.4,,738.5536374845867
872,T23,286.1,3.26,-6.28,3596.1,,738.5247322993054
873,T23,290.9,4.41,-8.93,3600.9,,738.443117658511
874,T23,292.0,3.94,-8.9,3602.0,,738.424414303329
875,T23,295.6,3.68,-6.26,3605.6,,738.3632033227332
876,T23,297.5,3.99,-8.53,3607.5,,738.3308975274188
877,T23,302.4,3.14,-5.64,3612.4,,738.2475825816078
878,T23,305.2,2.3,-4.6,3615.2,,738.1999740411445
879,T23,307.2,2.37,-5.02,3617.2,,738.1659679408135
880,T23,309.4,2.28,-5.33,3619.4,,738.1285612304495
881,T23,310.9,1.91,-4.59,3620.9,,738.1030566552013
882,T22,1541.4,-0.02,-7.81,3621.4,,738.0945551301186
883,T23,313.3,2.23,-5.51,3623.3,,738.0622493348042
884,T23,341.6,1.07,-10.32,3651.6,,737.5810630151209
885,T23,351.4,1.14,-6.09,3661.4,,737.4144331234991
886,T23,354.5,0.09,-5.23,3664.5,,737.3617236679861
887,T23,362.3,0.22,-6.9,3672.3,,737.2290998766953
888,T23,363.2,-0.89,-7.69,3673.2,,737.2137971315464
889,T23,382.4,-1.36,-5.68,3692.4,,736.887338568369
890,T23,390.4,0.74,-5.65,3700.4,,736.7513141670452
891,T23,395.2,-0.21,-4.06,3705.2,,736.6696995262508
892,T23,398.8,0.93,-3.18,3708.8,,736.6084885456551
893,T23,409.4,1.45,-3.59,3719.4,,736.4282562139009
894,T23,411.6,0.95,-3.8,3721.6,,736.3908495035369
895,T23,412.4,0.78,-4.53,3722.4,,736.3772470634044
896,T23,415.3,-0.08,-4.78,3725.3,,736.3279382179245
897,T23,422.4,-0.36,-1.36,3732.4,,736.2072165617495
898,T23,426.8,0.43,-3.99,3736.8,,736.1324031410214
899,T23,436.9,-1.86,-7.7,3746.9,,735.96067233435
900,T23,438.5,-0.68,-8.33,3748.5,,735.9334674540852
901,T23,440.8,-0.19,-5.93,3750.8,,735.8943604387046
902,T23,442.8,0.31,-5.31,3752.8,,735.8603543383736
903,T23,443.2,-1.26,-6.97,3753.2,,735.8535531183073
904,T23,454.4,-4.47,-5.41,3764.4,,735.6631189564539
905,T23,455.8,-1.81,-2.67,3765.8,,735.6393146862222
906,T23,458.4,-1.48,-3.02,3768.4,,735.5951067557919
907,T23,461.5,,,3771.5,,735.5423973002789
908,T23,482.6,,,3792.6,,735.1836329417871
909,T23,490.7,-11.12,-6.35,3800.7,,735.0459082354466
910,T23,492.0,-10.81,-6.3,3802.0,,735.0238042702315
911,T23,493.4,-5.99,-5.18,3803.4,,735
912,T23,514.1,5.18,-3.66,3824.1,,732
913,T23,516.1,3.7,-4.87,3826.1,,731.9511978704526
914,T23,518.0,3.33,-4.42,3828.0,,731.9048358473825
915,T23,520.5,4.52,-5.04,3830.5,,731.8438331854481
916,T23,523.6,5.05,-3.93,3833.6,,731.7681898846496
917,T23,526.1,6.22,-2.99,3836.1,,731.7071872227152
918,T23,526.4,4.51,-6.87,3836.4,,731.6998669032831
919,T23,527.8,6.14,-4.63,3837.8,,731.6657054125999
920,T23,530.3,5.31,-4.66,3840.3,,731.6047027506655
921,T23,533.4,5.51,-3.87,3843.4,,731.529059449867
922,T23,535.9,5.73,-4.38,3845.9,,731.4680567879326
923,T23,539.0,4.23,-4.15,3849.0,,731.392413487134
924,T23,542.3,5.16,-2.76,3852.3,,731.3118899733807
925,T23,544.2,5.52,-3.61,3854.2,,731.2655279503107
926,T23,544.7,5.4,-3.29,3854.7,,731.2533274179239
927,T23,546.5,5.85,-3.19,3856.5,,731.2094055013312
928,T23,548.3,,,3858.3,,731.1654835847385
929,T23,549.7,5.01,-4.85,3859.7,,731.1313220940552
930,T23,551.6,6.17,-3.53,3861.6,,731.0849600709852
931,T23,554.8,4.43,-3.28,3864.8,,731.0068766637092
932,T23,557.5,6.22,-2.83,3867.5,,730.9409937888202
933,T23,559.2,5.89,-3.28,3869.2,,730.8995119787048
934,T23,561.6,6.03,-3.77,3871.6,,730.8409494232478
935,T23,563.6,3.96,-4.43,3873.6,,730.7921472937004
936,T23,569.1,6.08,-6.85,3879.1,,730.6579414374448
937,T23,572.0,4.47,-7.01,3882.0,,730.587178349601
938,T23,574.0,5.8,-7.37,3884.0,,730.5383762200536
939,T23,576.6,5.43,-3.52,3886.6,,730.4749334516418
940,T23,579.1,4.29,-4.05,3889.1,,730.4139307897075
941,T23,580.6,5.79,-2.79,3890.6,,730.3773291925469
942,T23,583.0,6.95,-3.88,3893.0,,730.3187666370899
943,T23,584.4,5.53,-5.1,3894.4,,730.2846051464066
944,T23,586.4,6.22,-4.35,3896.4,,730.2358030168592
945,T23,586.9,5.81,-2.81,3896.9,,730.2236024844724
946,T23,589.0,4.94,-3.07,3899.0,,730.1723602484476
947,T23,592.0,4.87,-2.88,3902.0,,730.0991570541264
948,T23,593.9,5.45,-3.45,3903.9,,730.0527950310563
949,T23,596.0,4.56,-3.84,3906.0,,730.0015527950316
950,T23,600.1,5.39,-2.15,3910.1,,729.9015084294592
951,T23,601.3,4.75,-2.6,3911.3,,729.8722271517307
952,T23,603.1,4.78,-3.05,3913.1,,729.828305235138
953,T23,605.2,4.44,-3.83,3915.2,,729.7770629991132
954,T23,607.9,6.22,-4.35,3917.9,,729.7111801242241
955,T23,609.0,6.04,-2.83,3919.0,,729.684338952973
956,T23,611.6,5.03,-2.23,3921.6,,729.6208961845613
957,T23,614.9,5.39,-4.52,3924.9,,729.540372670808
958,T23,616.3,4.12,-3.13,3926.3,,729.5062111801248
959,T23,616.6,4.1,-4.77,3926.6,,729.4988908606927
960,T23,620.0,5.81,-4.72,3930.0,,729.415927240462
961,T23,622.9,5.21,-1.95,3932.9,,729.3451641526182
962,T23,625.5,5.69,-5.27,3935.5,,729.2817213842064
963,T23,626.7,4.71,-2.8,3936.7,,729.2524401064779
964,T23,629.4,4.96,-2.48,3939.4,,729.1865572315888
965,T23,631.7,5.8,-5.1,3941.7,,729.1304347826092
966,T23,634.5,,,3944.5,,729.0621118012427
967,T23,635.3,6.08,-3.93,3945.3,,729.0425909494237
968,T23,637.4,5.29,-4.61,3947.4,,728.9913487133989
969,T23,638.7,6.27,-5.29,3948.7,,728.959627329193
970,T23,641.3,5.49,-2.34,3951.3,,728.8961845607813
971,T23,643.4,6.1,-2.61,3953.4,,728.8449423247565
972,T23,645.2,5.99,-2.43,3955.2,,728.8010204081638
973,T23,647.8,4.48,-3.46,3957.8,,728.7375776397521
974,T23,653.4,5.12,-3.0,3963.4,,728.6009316770192
975,T23,656.8,5.11,-2.9,3966.8,,728.5179680567885
976,T23,658.8,6.21,-4.89,3968.8,,728.4691659272411
977,T23,659.8,5.93,-3.11,3969.8,,728.4447648624673
978,T23,660.5,5.36,-2.77,3970.5,,728.4276841171258
979,T23,662.4,6.08,-4.76,3972.4,,728.3813220940557
980,T23,663.1,6.36,-5.03,3973.1,,728.3642413487141
981,T23,667.3,6.52,-4.87,3977.3,,728.2617568766644
982,T23,671.0,6.3,-5.19,3981.0,,728.1714729370016
983,T23,672.5,5.73,-5.27,3982.5,,728.134871339841
984,T23,674.4,5.35,-5.59,3984.4,,728.0885093167709
985,T23,677.0,6.24,-5.17,3987.0,,728.0250665483592
986,T23,679.0,5.47,-5.51,3989.0,,727.9762644188118
987,T23,682.7,5.67,-6.11,3992.7,,727.8859804791489
988,T23,685.5,4.46,-6.36,3995.5,,727.8176574977824
989,T23,687.1,2.06,-10.9,3997.1,,727.7786157941445
990,T23,688.2,1.61,-10.64,3998.2,,727.7517746228933
991,T23,690.4,1.15,-10.55,4000.4,,727.698092280391
992,T23,697.3,1.42,-11.03,4007.3,,727.5297249334523
993,T23,698.6,5.78,-6.31,4008.6,,727.4980035492464
994,T23,699.2,-1.69,-9.47,4009.2,,727.4833629103822
995,T23,709.1,1.78,-6.13,4019.1,,727.2417923691222
996,T23,714.3,,,4024.3,,727.1149068322987
997,T23,716.8,2.77,-9.89,4026.8,,727.0539041703644
998,T23,718.6,,,4028.6,,727.0099822537717
999,T23,723.0,3.81,-10.63,4033.0,,726.9026175687673
1000,T23,724.6,4.96,-9.43,4034.6,,726.8635758651293
1001,T23,728.3,5.19,-10.73,4038.3,,726.7732919254664
1002,T23,730.9,1.3,-1.49,4040.9,,726.7098491570547
1003,T23,733.9,2.14,-9.37,4043.9,,726.6366459627335
1004,T23,735.6,2.82,-10.75,4045.6,,726.5951641526182
1005,T23,737.2,2.45,-10.24,4047.2,,726.5561224489802
1006,T23,738.5,2.52,-7.39,4048.5,,726.5244010647743
1007,T23,745.0,-0.32,-10.36,4055.0,,726.365794143745
1008,T23,769.8,-1.71,-4.78,4079.8,,725.7606477373564
1009,T23,774.6,,,4084.6,,725.6435226264425
1010,T23,779.1,0.12,-3.16,4089.1,,725.5337178349607
1011,T23,782.4,-0.71,-6.16,4092.4,,725.4531943212074
1012,T23,784.0,1.13,-7.09,4094.0,,725.4141526175695
1013,T23,784.7,2.07,-8.76,4094.7,,725.3970718722279
1014,T23,788.7,4.55,-8.87,4098.7,,725.299467613133
1015,T23,789.5,6.43,-9.35,4099.5,,725.2799467613139
1016,T23,795.1,5.87,-9.42,4105.1,,725.143300798581
1017,T23,797.9,2.93,-9.26,4107.9,,725.0749778172145
1018,T23,800.3,3.28,-9.13,4110.3,,725.0164152617575
1019,T23,803.1,3.13,-9.39,4113.1,,724.948092280391
1020,T23,806.8,2.71,-10.12,4116.8,,724.8578083407282
1021,T23,808.8,1.97,-9.92,4118.8,,724.8090062111808
1022,T23,812.4,0.7,-10.38,4122.4,,724.7211623779954
1023,T23,814.4,2.1,-10.1,4124.4,,724.672360248448
1024,T23,818.5,0.88,-7.58,4128.5,,724.5723158828756
1025,T23,820.6,2.25,-4.48,4130.6,,724.5210736468507
1026,T23,825.0,2.36,-9.49,4135.0,,724.4137089618463
1027,T23,827.4,1.66,-9.46,4137.4,,724.3551464063893
1028,T23,828.9,1.34,-6.82,4138.9,,724.3185448092287
1029,T23,832.3,2.39,-10.18,4142.3,,724.2355811889979
1030,T23,835.9,0.58,-6.32,4145.9,,724.1477373558125
1031,T23,837.6,1.96,-7.36,4147.6,,724.1062555456972
1032,T23,845.3,2.28,-11.54,4155.3,,723.9183673469395
1033,T23,848.7,2.44,-9.45,4158.7,,723.8354037267088
1034,T23,852.7,1.31,-9.61,4162.7,,723.7377994676139
1035,T23,856.0,0.88,-8.62,4166.0,,723.6572759538606
1036,T23,861.1,2.33,-10.93,4171.1,,723.5328305235145
1037,T23,866.3,0.94,-9.28,4176.3,,723.405944986691
1038,T30,1.4,1.79,-7.75,4176.4,mtx,723.4035048802136
1039,T30,4.2,1.19,-7.94,4179.2,,723.3351818988472
1040,T23,869.5,2.44,-11.12,4179.5,,723.3278615794151
1041,T23,872.3,0.32,-8.5,4182.3,,723.2595385980486
1042,T30,9.6,1.99,-8.7,4184.6,,723.203416149069
1043,T23,875.3,0.5,-10.05,4185.3,,723.1863354037274
1044,T30,11.7,2.73,-7.28,4186.7,,723.1521739130442
1045,T23,879.7,0.41,-9.82,4189.7,,723.078970718723
1046,T23,881.8,0.95,-10.29,4191.8,,723.0277284826981
1047,T30,16.8,1.98,-8.56,4191.8,,723.0277284826981
1048,T23,885.9,-0.47,-9.44,4195.9,,722.9276841171258
1049,T30,21.4,2.74,-9.25,4196.4,,722.9154835847389
1050,T30,25.6,2.35,-9.76,4200.6,,722.8129991126892
1051,T23,892.9,0.25,-12.53,4202.9,,722.7568766637097
1052,T30,30.4,0.56,-8.1,4205.4,mtx,722.6958740017753
1053,T23,914.6,-0.46,-8.83,4224.6,,722.2273735581196
1054,T23,915.5,-0.07,-10.68,4225.5,,722.2054125998231
1055,T23,916.6,0.7,-10.08,4226.6,,722.178571428572
1056,T23,917.5,1.01,-10.31,4227.5,,722.1566104702756
1057,T23,919.0,0.63,-10.4,4229.0,,722.120008873115
1058,T30,55.2,-2.42,-5.94,4230.2,,722.0907275953865
1059,T30,56.3,-0.65,-3.21,4231.3,,722.0638864241354
1060,T30,60.3,-2.71,-8.78,4235.3,mtx,721.9662821650404
1061,T30,60.8,-3.03,-9.99,4235.8,,721.9540816326536
1062,T30,85.7,-1.31,-10.08,4260.7,,721.3464951197876
1063,T30,86.7,-0.54,-10.12,4261.7,mtx,721.3220940550138
1064,T30,87.3,-0.36,-10.22,4262.3,,721.3074534161497
1065,T30,88.0,-0.15,-10.12,4263.0,,721.2903726708081
1066,T30,88.7,-1.25,-11.76,4263.7,,721.2732919254665
1067,T30,89.4,-0.56,-12.03,4264.4,,721.256211180125
1068,T30,89.9,-2.16,-10.24,4264.9,,721.2440106477382
1069,T30,99.9,,,4274.9,base of diamict,721
